[{
	"resource": "/f:/Brain-5D/tests/test_storage_runtime.py",
	"owner": "Pylance",
	"code": {
		"value": "reportUnknownVariableType",
		"target": {
			"$mid": 1,
			"path": "/microsoft/pylance-release/blob/main/docs/diagnostics/reportUnknownVariableType.md",
			"scheme": "https",
			"authority": "github.com"
		}
	},
	"severity": 8,
	"message": "Type of \"hooks\" is partially unknown\n  Type of \"hooks\" is \"list[Unknown]\"",
	"source": "Pylance",
	"startLineNumber": 52,
	"startColumn": 5,
	"endLineNumber": 52,
	"endColumn": 10,
	"modelVersionId": 1,
	"origin": "extHost1"
},{
	"resource": "/f:/Brain-5D/tests/test_storage_runtime.py",
	"owner": "Pylance",
	"code": {
		"value": "reportArgumentType",
		"target": {
			"$mid": 1,
			"path": "/microsoft/pylance-release/blob/main/docs/diagnostics/reportArgumentType.md",
			"scheme": "https",
			"authority": "github.com"
		}
	},
	"severity": 8,
	"message": "Argument of type \"FakeNetwork\" cannot be assigned to parameter \"network\" of type \"RuntimeNetworkLike\" in function \"__init__\"\n  \"FakeNetwork\" is incompatible with protocol \"RuntimeNetworkLike\"\n    \"neurons\" is invariant because it is mutable\n    \"neurons\" is an incompatible type\n      \"dict[int, FakeNeuron]\" is not assignable to \"Mapping[int, RuntimeNeuronLike]\"\n    \"synapses\" is invariant because it is mutable\n    \"synapses\" is an incompatible type\n      \"dict[int, list[FakeSynapse]]\" is not assignable to \"Mapping[int, Sequence[RuntimeSynapseLike]]\"\n    \"add_post_step_hook\" is an incompatible type\n  ...",
	"source": "Pylance",
	"startLineNumber": 73,
	"startColumn": 30,
	"endLineNumber": 73,
	"endColumn": 33,
	"modelVersionId": 1,
	"origin": "extHost1"
},{
	"resource": "/f:/Brain-5D/tests/test_self_organization.py",
	"owner": "Pylance",
	"code": {
		"value": "reportGeneralTypeIssues",
		"target": {
			"$mid": 1,
			"path": "/microsoft/pylance-release/blob/main/docs/diagnostics/reportGeneralTypeIssues.md",
			"scheme": "https",
			"authority": "github.com"
		}
	},
	"severity": 8,
	"message": "Could not assign item in TypedDict\n  \"self_organization\" is not a defined key in \"TestConfig\"",
	"source": "Pylance",
	"startLineNumber": 10,
	"startColumn": 5,
	"endLineNumber": 10,
	"endColumn": 29,
	"modelVersionId": 1,
	"origin": "extHost1"
},{
	"resource": "/f:/Brain-5D/tests/test_self_organization.py",
	"owner": "Pylance",
	"code": {
		"value": "reportArgumentType",
		"target": {
			"$mid": 1,
			"path": "/microsoft/pylance-release/blob/main/docs/diagnostics/reportArgumentType.md",
			"scheme": "https",
			"authority": "github.com"
		}
	},
	"severity": 8,
	"message": "Argument of type \"TestConfig\" cannot be assigned to parameter \"config\" of type \"dict[str, Any]\" in function \"__init__\"\n  \"TestConfig\" is not assignable to \"dict[str, Any]\"",
	"source": "Pylance",
	"startLineNumber": 22,
	"startColumn": 45,
	"endLineNumber": 22,
	"endColumn": 48,
	"modelVersionId": 1,
	"origin": "extHost1"
},{
	"resource": "/f:/Brain-5D/tests/test_self_organization.py",
	"owner": "Pylance",
	"code": {
		"value": "reportGeneralTypeIssues",
		"target": {
			"$mid": 1,
			"path": "/microsoft/pylance-release/blob/main/docs/diagnostics/reportGeneralTypeIssues.md",
			"scheme": "https",
			"authority": "github.com"
		}
	},
	"severity": 8,
	"message": "Could not assign item in TypedDict\n  \"self_organization\" is not a defined key in \"TestConfig\"",
	"source": "Pylance",
	"startLineNumber": 31,
	"startColumn": 5,
	"endLineNumber": 31,
	"endColumn": 29,
	"modelVersionId": 1,
	"origin": "extHost1"
},{
	"resource": "/f:/Brain-5D/tests/test_self_organization.py",
	"owner": "Pylance",
	"code": {
		"value": "reportArgumentType",
		"target": {
			"$mid": 1,
			"path": "/microsoft/pylance-release/blob/main/docs/diagnostics/reportArgumentType.md",
			"scheme": "https",
			"authority": "github.com"
		}
	},
	"severity": 8,
	"message": "Argument of type \"TestConfig\" cannot be assigned to parameter \"config\" of type \"dict[str, Any]\" in function \"__init__\"\n  \"TestConfig\" is not assignable to \"dict[str, Any]\"",
	"source": "Pylance",
	"startLineNumber": 44,
	"startColumn": 45,
	"endLineNumber": 44,
	"endColumn": 48,
	"modelVersionId": 1,
	"origin": "extHost1"
},{
	"resource": "/f:/Brain-5D/tests/test_restore_continue.py",
	"owner": "Pylance",
	"code": {
		"value": "reportArgumentType",
		"target": {
			"$mid": 1,
			"path": "/microsoft/pylance-release/blob/main/docs/diagnostics/reportArgumentType.md",
			"scheme": "https",
			"authority": "github.com"
		}
	},
	"severity": 8,
	"message": "Argument of type \"NeuralNetwork\" cannot be assigned to parameter \"network\" of type \"RuntimeNetworkLike\" in function \"__init__\"\n  \"NeuralNetwork\" is incompatible with protocol \"RuntimeNetworkLike\"\n    \"neurons\" is invariant because it is mutable\n    \"neurons\" is an incompatible type\n      \"Dict[int, Neuron]\" is not assignable to \"Mapping[int, RuntimeNeuronLike]\"\n    \"synapses\" is invariant because it is mutable\n    \"synapses\" is an incompatible type\n      \"Dict[int, List[Synapse]]\" is not assignable to \"Mapping[int, Sequence[RuntimeSynapseLike]]\"\n    \"add_post_step_hook\" is an incompatible type\n  ...",
	"source": "Pylance",
	"startLineNumber": 69,
	"startColumn": 25,
	"endLineNumber": 69,
	"endColumn": 32,
	"modelVersionId": 1,
	"origin": "extHost1"
},{
	"resource": "/f:/Brain-5D/tests/test_restore_continue.py",
	"owner": "Pylance",
	"code": {
		"value": "reportArgumentType",
		"target": {
			"$mid": 1,
			"path": "/microsoft/pylance-release/blob/main/docs/diagnostics/reportArgumentType.md",
			"scheme": "https",
			"authority": "github.com"
		}
	},
	"severity": 8,
	"message": "Argument of type \"NeuralNetwork\" cannot be assigned to parameter \"network\" of type \"CheckpointNetworkLike\" in function \"capture_runtime_checkpoint\"\n  \"NeuralNetwork\" is incompatible with protocol \"CheckpointNetworkLike\"\n    \"pending_currents\" is invariant because it is mutable\n    \"pending_currents\" is an incompatible type\n      \"Dict[int, float]\" is not assignable to \"Mapping[int, float]\"\n    \"event_slots\" is invariant because it is mutable\n    \"event_slots\" is an incompatible type\n      \"List[List[SpikeEvent]]\" is not assignable to \"Sequence[Sequence[CheckpointEventLike]]\"",
	"source": "Pylance",
	"startLineNumber": 76,
	"startColumn": 36,
	"endLineNumber": 76,
	"endColumn": 43,
	"modelVersionId": 1,
	"origin": "extHost1"
},{
	"resource": "/f:/Brain-5D/tests/test_recovery.py",
	"owner": "Pylance",
	"code": {
		"value": "reportArgumentType",
		"target": {
			"$mid": 1,
			"path": "/microsoft/pylance-release/blob/main/docs/diagnostics/reportArgumentType.md",
			"scheme": "https",
			"authority": "github.com"
		}
	},
	"severity": 8,
	"message": "Argument of type \"FakeNetwork\" cannot be assigned to parameter \"network\" of type \"NetworkSnapshotLike\" in function \"write\"\n  \"FakeNetwork\" is incompatible with protocol \"NetworkSnapshotLike\"\n    \"neurons\" is invariant because it is mutable\n    \"neurons\" is an incompatible type\n      \"dict[int, FakeNeuron]\" is not assignable to \"Mapping[int, NeuronSnapshotLike]\"\n    \"synapses\" is invariant because it is mutable\n    \"synapses\" is an incompatible type\n      \"dict[int, list[FakeSynapse]]\" is not assignable to \"Mapping[int, Sequence[SynapseSnapshotLike]]\"",
	"source": "Pylance",
	"startLineNumber": 60,
	"startColumn": 57,
	"endLineNumber": 60,
	"endColumn": 64,
	"modelVersionId": 1,
	"origin": "extHost1"
},{
	"resource": "/f:/Brain-5D/tests/test_lazy_storage_view.py",
	"owner": "Pylance",
	"code": {
		"value": "reportArgumentType",
		"target": {
			"$mid": 1,
			"path": "/microsoft/pylance-release/blob/main/docs/diagnostics/reportArgumentType.md",
			"scheme": "https",
			"authority": "github.com"
		}
	},
	"severity": 8,
	"message": "Argument of type \"FakeNetwork\" cannot be assigned to parameter \"network\" of type \"NetworkSnapshotLike\" in function \"write\"\n  \"FakeNetwork\" is incompatible with protocol \"NetworkSnapshotLike\"\n    \"neurons\" is invariant because it is mutable\n    \"neurons\" is an incompatible type\n      \"dict[int, FakeNeuron]\" is not assignable to \"Mapping[int, NeuronSnapshotLike]\"\n    \"synapses\" is invariant because it is mutable\n    \"synapses\" is an incompatible type\n      \"dict[int, list[FakeSynapse]]\" is not assignable to \"Mapping[int, Sequence[SynapseSnapshotLike]]\"",
	"source": "Pylance",
	"startLineNumber": 59,
	"startColumn": 37,
	"endLineNumber": 59,
	"endColumn": 40,
	"modelVersionId": 1,
	"origin": "extHost1"
},{
	"resource": "/f:/Brain-5D/tests/test_dashboard_homeostasis.py",
	"owner": "Pylance",
	"code": {
		"value": "reportArgumentType",
		"target": {
			"$mid": 1,
			"path": "/microsoft/pylance-release/blob/main/docs/diagnostics/reportArgumentType.md",
			"scheme": "https",
			"authority": "github.com"
		}
	},
	"severity": 8,
	"message": "Argument of type \"HomeostasisStats\" cannot be assigned to parameter \"stats\" of type \"HomeostasisStatsLike\" in function \"homeostasis_metrics\"\n  \"HomeostasisStats\" is incompatible with protocol \"HomeostasisStatsLike\"\n    \"enabled\" is not read-only in protocol\n    \"enabled\" is writable in protocol\n    \"updates\" is not read-only in protocol\n    \"updates\" is writable in protocol\n    \"target_rate_hz\" is not read-only in protocol\n    \"target_rate_hz\" is writable in protocol\n    \"mean_rate_hz\" is not read-only in protocol\n  ...",
	"source": "Pylance",
	"startLineNumber": 21,
	"startColumn": 35,
	"endLineNumber": 21,
	"endColumn": 40,
	"modelVersionId": 1,
	"origin": "extHost1"
},{
	"resource": "/f:/Brain-5D/tests/test_compaction.py",
	"owner": "Pylance",
	"code": {
		"value": "reportArgumentType",
		"target": {
			"$mid": 1,
			"path": "/microsoft/pylance-release/blob/main/docs/diagnostics/reportArgumentType.md",
			"scheme": "https",
			"authority": "github.com"
		}
	},
	"severity": 8,
	"message": "Argument of type \"FakeNetwork\" cannot be assigned to parameter \"network\" of type \"NetworkSnapshotLike\" in function \"write\"\n  \"FakeNetwork\" is incompatible with protocol \"NetworkSnapshotLike\"\n    \"neurons\" is invariant because it is mutable\n    \"neurons\" is an incompatible type\n      \"dict[int, FakeNeuron]\" is not assignable to \"Mapping[int, NeuronSnapshotLike]\"\n    \"synapses\" is invariant because it is mutable\n    \"synapses\" is an incompatible type\n      \"dict[int, list[FakeSynapse]]\" is not assignable to \"Mapping[int, Sequence[SynapseSnapshotLike]]\"",
	"source": "Pylance",
	"startLineNumber": 23,
	"startColumn": 61,
	"endLineNumber": 23,
	"endColumn": 68,
	"modelVersionId": 1,
	"origin": "extHost1"
},{
	"resource": "/f:/Brain-5D/tests/test_checkpoint.py",
	"owner": "Pylance",
	"code": {
		"value": "reportArgumentType",
		"target": {
			"$mid": 1,
			"path": "/microsoft/pylance-release/blob/main/docs/diagnostics/reportArgumentType.md",
			"scheme": "https",
			"authority": "github.com"
		}
	},
	"severity": 8,
	"message": "Argument of type \"Network\" cannot be assigned to parameter \"network\" of type \"CheckpointNetworkLike\" in function \"capture_runtime_checkpoint\"\n  \"Network\" is incompatible with protocol \"CheckpointNetworkLike\"\n    \"pending_currents\" is invariant because it is mutable\n    \"pending_currents\" is an incompatible type\n      \"dict[int, float]\" is not assignable to \"Mapping[int, float]\"\n    \"event_slots\" is invariant because it is mutable\n    \"event_slots\" is an incompatible type\n      \"list[list[Event]]\" is not assignable to \"Sequence[Sequence[CheckpointEventLike]]\"",
	"source": "Pylance",
	"startLineNumber": 105,
	"startColumn": 45,
	"endLineNumber": 105,
	"endColumn": 52,
	"modelVersionId": 1,
	"origin": "extHost1"
},{
	"resource": "/f:/Brain-5D/tests/test_b5d_storage.py",
	"owner": "Pylance",
	"code": {
		"value": "reportArgumentType",
		"target": {
			"$mid": 1,
			"path": "/microsoft/pylance-release/blob/main/docs/diagnostics/reportArgumentType.md",
			"scheme": "https",
			"authority": "github.com"
		}
	},
	"severity": 8,
	"message": "Argument of type \"FakeNetwork\" cannot be assigned to parameter \"network\" of type \"NetworkSnapshotLike\" in function \"write\"\n  \"FakeNetwork\" is incompatible with protocol \"NetworkSnapshotLike\"\n    \"neurons\" is invariant because it is mutable\n    \"neurons\" is an incompatible type\n      \"dict[int, FakeNeuron]\" is not assignable to \"Mapping[int, NeuronSnapshotLike]\"\n    \"synapses\" is invariant because it is mutable\n    \"synapses\" is an incompatible type\n      \"dict[int, list[FakeSynapse]]\" is not assignable to \"Mapping[int, Sequence[SynapseSnapshotLike]]\"",
	"source": "Pylance",
	"startLineNumber": 114,
	"startColumn": 9,
	"endLineNumber": 114,
	"endColumn": 19,
	"modelVersionId": 1,
	"origin": "extHost1"
},{
	"resource": "/f:/Brain-5D/tests/test_b5d_storage.py",
	"owner": "Pylance",
	"code": {
		"value": "reportArgumentType",
		"target": {
			"$mid": 1,
			"path": "/microsoft/pylance-release/blob/main/docs/diagnostics/reportArgumentType.md",
			"scheme": "https",
			"authority": "github.com"
		}
	},
	"severity": 8,
	"message": "Argument of type \"FakeNetwork\" cannot be assigned to parameter \"network\" of type \"NetworkSnapshotLike\" in function \"write\"\n  \"FakeNetwork\" is incompatible with protocol \"NetworkSnapshotLike\"\n    \"neurons\" is invariant because it is mutable\n    \"neurons\" is an incompatible type\n      \"dict[int, FakeNeuron]\" is not assignable to \"Mapping[int, NeuronSnapshotLike]\"\n    \"synapses\" is invariant because it is mutable\n    \"synapses\" is an incompatible type\n      \"dict[int, list[FakeSynapse]]\" is not assignable to \"Mapping[int, Sequence[SynapseSnapshotLike]]\"",
	"source": "Pylance",
	"startLineNumber": 154,
	"startColumn": 67,
	"endLineNumber": 154,
	"endColumn": 77,
	"modelVersionId": 1,
	"origin": "extHost1"
},{
	"resource": "/f:/Brain-5D/tests/test_b5d_storage.py",
	"owner": "Pylance",
	"code": {
		"value": "reportArgumentType",
		"target": {
			"$mid": 1,
			"path": "/microsoft/pylance-release/blob/main/docs/diagnostics/reportArgumentType.md",
			"scheme": "https",
			"authority": "github.com"
		}
	},
	"severity": 8,
	"message": "Argument of type \"FakeNetwork\" cannot be assigned to parameter \"network\" of type \"NetworkSnapshotLike\" in function \"write\"\n  \"FakeNetwork\" is incompatible with protocol \"NetworkSnapshotLike\"\n    \"neurons\" is invariant because it is mutable\n    \"neurons\" is an incompatible type\n      \"dict[int, FakeNeuron]\" is not assignable to \"Mapping[int, NeuronSnapshotLike]\"\n    \"synapses\" is invariant because it is mutable\n    \"synapses\" is an incompatible type\n      \"dict[int, list[FakeSynapse]]\" is not assignable to \"Mapping[int, Sequence[SynapseSnapshotLike]]\"",
	"source": "Pylance",
	"startLineNumber": 169,
	"startColumn": 37,
	"endLineNumber": 169,
	"endColumn": 47,
	"modelVersionId": 1,
	"origin": "extHost1"
},{
	"resource": "/f:/Brain-5D/tests/test_b5d_storage.py",
	"owner": "Pylance",
	"code": {
		"value": "reportArgumentType",
		"target": {
			"$mid": 1,
			"path": "/microsoft/pylance-release/blob/main/docs/diagnostics/reportArgumentType.md",
			"scheme": "https",
			"authority": "github.com"
		}
	},
	"severity": 8,
	"message": "Argument of type \"FakeNetwork\" cannot be assigned to parameter \"network\" of type \"NetworkSnapshotLike\" in function \"write\"\n  \"FakeNetwork\" is incompatible with protocol \"NetworkSnapshotLike\"\n    \"neurons\" is invariant because it is mutable\n    \"neurons\" is an incompatible type\n      \"dict[int, FakeNeuron]\" is not assignable to \"Mapping[int, NeuronSnapshotLike]\"\n    \"synapses\" is invariant because it is mutable\n    \"synapses\" is an incompatible type\n      \"dict[int, list[FakeSynapse]]\" is not assignable to \"Mapping[int, Sequence[SynapseSnapshotLike]]\"",
	"source": "Pylance",
	"startLineNumber": 184,
	"startColumn": 37,
	"endLineNumber": 184,
	"endColumn": 44,
	"modelVersionId": 1,
	"origin": "extHost1"
},{
	"resource": "/f:/Brain-5D/tests/test_b5d_storage.py",
	"owner": "Pylance",
	"code": {
		"value": "reportArgumentType",
		"target": {
			"$mid": 1,
			"path": "/microsoft/pylance-release/blob/main/docs/diagnostics/reportArgumentType.md",
			"scheme": "https",
			"authority": "github.com"
		}
	},
	"severity": 8,
	"message": "Argument of type \"FakeNetwork\" cannot be assigned to parameter \"network\" of type \"NetworkSnapshotLike\" in function \"write\"\n  \"FakeNetwork\" is incompatible with protocol \"NetworkSnapshotLike\"\n    \"neurons\" is invariant because it is mutable\n    \"neurons\" is an incompatible type\n      \"dict[int, FakeNeuron]\" is not assignable to \"Mapping[int, NeuronSnapshotLike]\"\n    \"synapses\" is invariant because it is mutable\n    \"synapses\" is an incompatible type\n      \"dict[int, list[FakeSynapse]]\" is not assignable to \"Mapping[int, Sequence[SynapseSnapshotLike]]\"",
	"source": "Pylance",
	"startLineNumber": 200,
	"startColumn": 37,
	"endLineNumber": 200,
	"endColumn": 44,
	"modelVersionId": 1,
	"origin": "extHost1"
},{
	"resource": "/f:/Brain-5D/tests/test_b5d_storage.py",
	"owner": "Pylance",
	"code": {
		"value": "reportArgumentType",
		"target": {
			"$mid": 1,
			"path": "/microsoft/pylance-release/blob/main/docs/diagnostics/reportArgumentType.md",
			"scheme": "https",
			"authority": "github.com"
		}
	},
	"severity": 8,
	"message": "Argument of type \"FakeNetwork\" cannot be assigned to parameter \"network\" of type \"NetworkSnapshotLike\" in function \"write\"\n  \"FakeNetwork\" is incompatible with protocol \"NetworkSnapshotLike\"\n    \"neurons\" is invariant because it is mutable\n    \"neurons\" is an incompatible type\n      \"dict[int, FakeNeuron]\" is not assignable to \"Mapping[int, NeuronSnapshotLike]\"\n    \"synapses\" is invariant because it is mutable\n    \"synapses\" is an incompatible type\n      \"dict[int, list[FakeSynapse]]\" is not assignable to \"Mapping[int, Sequence[SynapseSnapshotLike]]\"",
	"source": "Pylance",
	"startLineNumber": 214,
	"startColumn": 37,
	"endLineNumber": 214,
	"endColumn": 47,
	"modelVersionId": 1,
	"origin": "extHost1"
},{
	"resource": "/f:/Brain-5D/tests/test_b5d_storage.py",
	"owner": "Pylance",
	"code": {
		"value": "reportArgumentType",
		"target": {
			"$mid": 1,
			"path": "/microsoft/pylance-release/blob/main/docs/diagnostics/reportArgumentType.md",
			"scheme": "https",
			"authority": "github.com"
		}
	},
	"severity": 8,
	"message": "Argument of type \"FakeNetwork\" cannot be assigned to parameter \"network\" of type \"NetworkSnapshotLike\" in function \"write\"\n  \"FakeNetwork\" is incompatible with protocol \"NetworkSnapshotLike\"\n    \"neurons\" is invariant because it is mutable\n    \"neurons\" is an incompatible type\n      \"dict[int, FakeNeuron]\" is not assignable to \"Mapping[int, NeuronSnapshotLike]\"\n    \"synapses\" is invariant because it is mutable\n    \"synapses\" is an incompatible type\n      \"dict[int, list[FakeSynapse]]\" is not assignable to \"Mapping[int, Sequence[SynapseSnapshotLike]]\"",
	"source": "Pylance",
	"startLineNumber": 232,
	"startColumn": 62,
	"endLineNumber": 232,
	"endColumn": 69,
	"modelVersionId": 1,
	"origin": "extHost1"
},{
	"resource": "/f:/Brain-5D/tests/test_b5d_storage.py",
	"owner": "Pylance",
	"code": {
		"value": "reportArgumentType",
		"target": {
			"$mid": 1,
			"path": "/microsoft/pylance-release/blob/main/docs/diagnostics/reportArgumentType.md",
			"scheme": "https",
			"authority": "github.com"
		}
	},
	"severity": 8,
	"message": "Argument of type \"FakeNetwork\" cannot be assigned to parameter \"network\" of type \"NetworkSnapshotLike\" in function \"write\"\n  \"FakeNetwork\" is incompatible with protocol \"NetworkSnapshotLike\"\n    \"neurons\" is invariant because it is mutable\n    \"neurons\" is an incompatible type\n      \"dict[int, FakeNeuron]\" is not assignable to \"Mapping[int, NeuronSnapshotLike]\"\n    \"synapses\" is invariant because it is mutable\n    \"synapses\" is an incompatible type\n      \"dict[int, list[FakeSynapse]]\" is not assignable to \"Mapping[int, Sequence[SynapseSnapshotLike]]\"",
	"source": "Pylance",
	"startLineNumber": 240,
	"startColumn": 41,
	"endLineNumber": 240,
	"endColumn": 51,
	"modelVersionId": 1,
	"origin": "extHost1"
},{
	"resource": "/f:/Brain-5D/tests/test_b5d_storage.py",
	"owner": "Pylance",
	"code": {
		"value": "reportArgumentType",
		"target": {
			"$mid": 1,
			"path": "/microsoft/pylance-release/blob/main/docs/diagnostics/reportArgumentType.md",
			"scheme": "https",
			"authority": "github.com"
		}
	},
	"severity": 8,
	"message": "Argument of type \"FakeNetwork\" cannot be assigned to parameter \"network\" of type \"NetworkSnapshotLike\" in function \"write\"\n  \"FakeNetwork\" is incompatible with protocol \"NetworkSnapshotLike\"\n    \"neurons\" is invariant because it is mutable\n    \"neurons\" is an incompatible type\n      \"dict[int, FakeNeuron]\" is not assignable to \"Mapping[int, NeuronSnapshotLike]\"\n    \"synapses\" is invariant because it is mutable\n    \"synapses\" is an incompatible type\n      \"dict[int, list[FakeSynapse]]\" is not assignable to \"Mapping[int, Sequence[SynapseSnapshotLike]]\"",
	"source": "Pylance",
	"startLineNumber": 244,
	"startColumn": 37,
	"endLineNumber": 244,
	"endColumn": 47,
	"modelVersionId": 1,
	"origin": "extHost1"
},{
	"resource": "/f:/Brain-5D/tests/test_b5d_storage.py",
	"owner": "Pylance",
	"code": {
		"value": "reportArgumentType",
		"target": {
			"$mid": 1,
			"path": "/microsoft/pylance-release/blob/main/docs/diagnostics/reportArgumentType.md",
			"scheme": "https",
			"authority": "github.com"
		}
	},
	"severity": 8,
	"message": "Argument of type \"FakeNetwork\" cannot be assigned to parameter \"network\" of type \"NetworkSnapshotLike\" in function \"write\"\n  \"FakeNetwork\" is incompatible with protocol \"NetworkSnapshotLike\"\n    \"neurons\" is invariant because it is mutable\n    \"neurons\" is an incompatible type\n      \"dict[int, FakeNeuron]\" is not assignable to \"Mapping[int, NeuronSnapshotLike]\"\n    \"synapses\" is invariant because it is mutable\n    \"synapses\" is an incompatible type\n      \"dict[int, list[FakeSynapse]]\" is not assignable to \"Mapping[int, Sequence[SynapseSnapshotLike]]\"",
	"source": "Pylance",
	"startLineNumber": 263,
	"startColumn": 42,
	"endLineNumber": 263,
	"endColumn": 52,
	"modelVersionId": 1,
	"origin": "extHost1"
},{
	"resource": "/f:/Brain-5D/tests/test_b5d_storage.py",
	"owner": "Pylance",
	"code": {
		"value": "reportArgumentType",
		"target": {
			"$mid": 1,
			"path": "/microsoft/pylance-release/blob/main/docs/diagnostics/reportArgumentType.md",
			"scheme": "https",
			"authority": "github.com"
		}
	},
	"severity": 8,
	"message": "Argument of type \"FakeNetwork\" cannot be assigned to parameter \"network\" of type \"NetworkSnapshotLike\" in function \"write\"\n  \"FakeNetwork\" is incompatible with protocol \"NetworkSnapshotLike\"\n    \"neurons\" is invariant because it is mutable\n    \"neurons\" is an incompatible type\n      \"dict[int, FakeNeuron]\" is not assignable to \"Mapping[int, NeuronSnapshotLike]\"\n    \"synapses\" is invariant because it is mutable\n    \"synapses\" is an incompatible type\n      \"dict[int, list[FakeSynapse]]\" is not assignable to \"Mapping[int, Sequence[SynapseSnapshotLike]]\"",
	"source": "Pylance",
	"startLineNumber": 271,
	"startColumn": 44,
	"endLineNumber": 271,
	"endColumn": 54,
	"modelVersionId": 1,
	"origin": "extHost1"
},{
	"resource": "/f:/Brain-5D/tests/test_b5d_storage.py",
	"owner": "Pylance",
	"code": {
		"value": "reportArgumentType",
		"target": {
			"$mid": 1,
			"path": "/microsoft/pylance-release/blob/main/docs/diagnostics/reportArgumentType.md",
			"scheme": "https",
			"authority": "github.com"
		}
	},
	"severity": 8,
	"message": "Argument of type \"FakeNetwork\" cannot be assigned to parameter \"network\" of type \"NetworkSnapshotLike\" in function \"write\"\n  \"FakeNetwork\" is incompatible with protocol \"NetworkSnapshotLike\"\n    \"neurons\" is invariant because it is mutable\n    \"neurons\" is an incompatible type\n      \"dict[int, FakeNeuron]\" is not assignable to \"Mapping[int, NeuronSnapshotLike]\"\n    \"synapses\" is invariant because it is mutable\n    \"synapses\" is an incompatible type\n      \"dict[int, list[FakeSynapse]]\" is not assignable to \"Mapping[int, Sequence[SynapseSnapshotLike]]\"",
	"source": "Pylance",
	"startLineNumber": 282,
	"startColumn": 44,
	"endLineNumber": 282,
	"endColumn": 54,
	"modelVersionId": 1,
	"origin": "extHost1"
},{
	"resource": "/f:/Brain-5D/tests/test_b5d_storage.py",
	"owner": "Pylance",
	"code": {
		"value": "reportArgumentType",
		"target": {
			"$mid": 1,
			"path": "/microsoft/pylance-release/blob/main/docs/diagnostics/reportArgumentType.md",
			"scheme": "https",
			"authority": "github.com"
		}
	},
	"severity": 8,
	"message": "Argument of type \"FakeNetwork\" cannot be assigned to parameter \"network\" of type \"NetworkSnapshotLike\" in function \"write\"\n  \"FakeNetwork\" is incompatible with protocol \"NetworkSnapshotLike\"\n    \"neurons\" is invariant because it is mutable\n    \"neurons\" is an incompatible type\n      \"dict[int, FakeNeuron]\" is not assignable to \"Mapping[int, NeuronSnapshotLike]\"\n    \"synapses\" is invariant because it is mutable\n    \"synapses\" is an incompatible type\n      \"dict[int, list[FakeSynapse]]\" is not assignable to \"Mapping[int, Sequence[SynapseSnapshotLike]]\"",
	"source": "Pylance",
	"startLineNumber": 288,
	"startColumn": 45,
	"endLineNumber": 288,
	"endColumn": 55,
	"modelVersionId": 1,
	"origin": "extHost1"
},{
	"resource": "/f:/Brain-5D/tests/test_b5d_storage.py",
	"owner": "Pylance",
	"code": {
		"value": "reportArgumentType",
		"target": {
			"$mid": 1,
			"path": "/microsoft/pylance-release/blob/main/docs/diagnostics/reportArgumentType.md",
			"scheme": "https",
			"authority": "github.com"
		}
	},
	"severity": 8,
	"message": "Argument of type \"FakeNetwork\" cannot be assigned to parameter \"network\" of type \"NetworkSnapshotLike\" in function \"write\"\n  \"FakeNetwork\" is incompatible with protocol \"NetworkSnapshotLike\"\n    \"neurons\" is invariant because it is mutable\n    \"neurons\" is an incompatible type\n      \"dict[int, FakeNeuron]\" is not assignable to \"Mapping[int, NeuronSnapshotLike]\"\n    \"synapses\" is invariant because it is mutable\n    \"synapses\" is an incompatible type\n      \"dict[int, list[FakeSynapse]]\" is not assignable to \"Mapping[int, Sequence[SynapseSnapshotLike]]\"",
	"source": "Pylance",
	"startLineNumber": 297,
	"startColumn": 37,
	"endLineNumber": 297,
	"endColumn": 47,
	"modelVersionId": 1,
	"origin": "extHost1"
},{
	"resource": "/f:/Brain-5D/tests/test_b5d_storage.py",
	"owner": "Pylance",
	"code": {
		"value": "reportArgumentType",
		"target": {
			"$mid": 1,
			"path": "/microsoft/pylance-release/blob/main/docs/diagnostics/reportArgumentType.md",
			"scheme": "https",
			"authority": "github.com"
		}
	},
	"severity": 8,
	"message": "Argument of type \"FakeNetwork\" cannot be assigned to parameter \"network\" of type \"NetworkSnapshotLike\" in function \"write\"\n  \"FakeNetwork\" is incompatible with protocol \"NetworkSnapshotLike\"\n    \"neurons\" is invariant because it is mutable\n    \"neurons\" is an incompatible type\n      \"dict[int, FakeNeuron]\" is not assignable to \"Mapping[int, NeuronSnapshotLike]\"\n    \"synapses\" is invariant because it is mutable\n    \"synapses\" is an incompatible type\n      \"dict[int, list[FakeSynapse]]\" is not assignable to \"Mapping[int, Sequence[SynapseSnapshotLike]]\"",
	"source": "Pylance",
	"startLineNumber": 312,
	"startColumn": 37,
	"endLineNumber": 312,
	"endColumn": 47,
	"modelVersionId": 1,
	"origin": "extHost1"
},{
	"resource": "/f:/Brain-5D/tests/test_b5d_storage.py",
	"owner": "Pylance",
	"code": {
		"value": "reportArgumentType",
		"target": {
			"$mid": 1,
			"path": "/microsoft/pylance-release/blob/main/docs/diagnostics/reportArgumentType.md",
			"scheme": "https",
			"authority": "github.com"
		}
	},
	"severity": 8,
	"message": "Argument of type \"FakeNetwork\" cannot be assigned to parameter \"network\" of type \"NetworkSnapshotLike\" in function \"write\"\n  \"FakeNetwork\" is incompatible with protocol \"NetworkSnapshotLike\"\n    \"neurons\" is invariant because it is mutable\n    \"neurons\" is an incompatible type\n      \"dict[int, FakeNeuron]\" is not assignable to \"Mapping[int, NeuronSnapshotLike]\"\n    \"synapses\" is invariant because it is mutable\n    \"synapses\" is an incompatible type\n      \"dict[int, list[FakeSynapse]]\" is not assignable to \"Mapping[int, Sequence[SynapseSnapshotLike]]\"",
	"source": "Pylance",
	"startLineNumber": 330,
	"startColumn": 25,
	"endLineNumber": 330,
	"endColumn": 35,
	"modelVersionId": 1,
	"origin": "extHost1"
},{
	"resource": "/f:/Brain-5D/tests/test_b5d_storage.py",
	"owner": "Pylance",
	"code": {
		"value": "reportArgumentType",
		"target": {
			"$mid": 1,
			"path": "/microsoft/pylance-release/blob/main/docs/diagnostics/reportArgumentType.md",
			"scheme": "https",
			"authority": "github.com"
		}
	},
	"severity": 8,
	"message": "Argument of type \"dict[str, int] | int\" cannot be assigned to parameter \"optical_states\" of type \"Mapping[int, OpticalPointState] | None\" in function \"write\"\n  Type \"dict[str, int] | int\" is not assignable to type \"Mapping[int, OpticalPointState] | None\"\n    Type \"int\" is not assignable to type \"Mapping[int, OpticalPointState] | None\"\n      \"int\" is not assignable to \"Mapping[int, OpticalPointState]\"\n      \"int\" is not assignable to \"None\"",
	"source": "Pylance",
	"startLineNumber": 330,
	"startColumn": 39,
	"endLineNumber": 330,
	"endColumn": 45,
	"modelVersionId": 1,
	"origin": "extHost1"
},{
	"resource": "/f:/Brain-5D/tests/test_b5d_storage.py",
	"owner": "Pylance",
	"code": {
		"value": "reportArgumentType",
		"target": {
			"$mid": 1,
			"path": "/microsoft/pylance-release/blob/main/docs/diagnostics/reportArgumentType.md",
			"scheme": "https",
			"authority": "github.com"
		}
	},
	"severity": 8,
	"message": "Argument of type \"dict[str, int] | int\" cannot be assigned to parameter \"metadata\" of type \"JSONMapping | None\" in function \"write\"\n  Type \"dict[str, int] | int\" is not assignable to type \"JSONMapping | None\"\n    Type \"int\" is not assignable to type \"JSONMapping | None\"\n      \"int\" is not assignable to \"Mapping[str, JSONValue]\"\n      \"int\" is not assignable to \"None\"",
	"source": "Pylance",
	"startLineNumber": 330,
	"startColumn": 39,
	"endLineNumber": 330,
	"endColumn": 45,
	"modelVersionId": 1,
	"origin": "extHost1"
},{
	"resource": "/f:/Brain-5D/tests/test_b5d_storage.py",
	"owner": "Pylance",
	"code": {
		"value": "reportArgumentType",
		"target": {
			"$mid": 1,
			"path": "/microsoft/pylance-release/blob/main/docs/diagnostics/reportArgumentType.md",
			"scheme": "https",
			"authority": "github.com"
		}
	},
	"severity": 8,
	"message": "Argument of type \"dict[str, int] | int\" cannot be assigned to parameter \"created_ns\" of type \"int | None\" in function \"write\"\n  Type \"dict[str, int] | int\" is not assignable to type \"int | None\"\n    Type \"dict[str, int]\" is not assignable to type \"int | None\"\n      \"dict[str, int]\" is not assignable to \"int\"\n      \"dict[str, int]\" is not assignable to \"None\"",
	"source": "Pylance",
	"startLineNumber": 330,
	"startColumn": 39,
	"endLineNumber": 330,
	"endColumn": 45,
	"modelVersionId": 1,
	"origin": "extHost1"
},{
	"resource": "/f:/Brain-5D/tests/test_b5d_storage.py",
	"owner": "Pylance",
	"code": {
		"value": "reportArgumentType",
		"target": {
			"$mid": 1,
			"path": "/microsoft/pylance-release/blob/main/docs/diagnostics/reportArgumentType.md",
			"scheme": "https",
			"authority": "github.com"
		}
	},
	"severity": 8,
	"message": "Argument of type \"FakeNetwork\" cannot be assigned to parameter \"network\" of type \"NetworkSnapshotLike\" in function \"write\"\n  \"FakeNetwork\" is incompatible with protocol \"NetworkSnapshotLike\"\n    \"neurons\" is invariant because it is mutable\n    \"neurons\" is an incompatible type\n      \"dict[int, FakeNeuron]\" is not assignable to \"Mapping[int, NeuronSnapshotLike]\"\n    \"synapses\" is invariant because it is mutable\n    \"synapses\" is an incompatible type\n      \"dict[int, list[FakeSynapse]]\" is not assignable to \"Mapping[int, Sequence[SynapseSnapshotLike]]\"",
	"source": "Pylance",
	"startLineNumber": 331,
	"startColumn": 26,
	"endLineNumber": 331,
	"endColumn": 36,
	"modelVersionId": 1,
	"origin": "extHost1"
},{
	"resource": "/f:/Brain-5D/tests/test_b5d_storage.py",
	"owner": "Pylance",
	"code": {
		"value": "reportArgumentType",
		"target": {
			"$mid": 1,
			"path": "/microsoft/pylance-release/blob/main/docs/diagnostics/reportArgumentType.md",
			"scheme": "https",
			"authority": "github.com"
		}
	},
	"severity": 8,
	"message": "Argument of type \"dict[str, int] | int\" cannot be assigned to parameter \"optical_states\" of type \"Mapping[int, OpticalPointState] | None\" in function \"write\"\n  Type \"dict[str, int] | int\" is not assignable to type \"Mapping[int, OpticalPointState] | None\"\n    Type \"int\" is not assignable to type \"Mapping[int, OpticalPointState] | None\"\n      \"int\" is not assignable to \"Mapping[int, OpticalPointState]\"\n      \"int\" is not assignable to \"None\"",
	"source": "Pylance",
	"startLineNumber": 331,
	"startColumn": 40,
	"endLineNumber": 331,
	"endColumn": 46,
	"modelVersionId": 1,
	"origin": "extHost1"
},{
	"resource": "/f:/Brain-5D/tests/test_b5d_storage.py",
	"owner": "Pylance",
	"code": {
		"value": "reportArgumentType",
		"target": {
			"$mid": 1,
			"path": "/microsoft/pylance-release/blob/main/docs/diagnostics/reportArgumentType.md",
			"scheme": "https",
			"authority": "github.com"
		}
	},
	"severity": 8,
	"message": "Argument of type \"dict[str, int] | int\" cannot be assigned to parameter \"metadata\" of type \"JSONMapping | None\" in function \"write\"\n  Type \"dict[str, int] | int\" is not assignable to type \"JSONMapping | None\"\n    Type \"int\" is not assignable to type \"JSONMapping | None\"\n      \"int\" is not assignable to \"Mapping[str, JSONValue]\"\n      \"int\" is not assignable to \"None\"",
	"source": "Pylance",
	"startLineNumber": 331,
	"startColumn": 40,
	"endLineNumber": 331,
	"endColumn": 46,
	"modelVersionId": 1,
	"origin": "extHost1"
},{
	"resource": "/f:/Brain-5D/tests/test_b5d_storage.py",
	"owner": "Pylance",
	"code": {
		"value": "reportArgumentType",
		"target": {
			"$mid": 1,
			"path": "/microsoft/pylance-release/blob/main/docs/diagnostics/reportArgumentType.md",
			"scheme": "https",
			"authority": "github.com"
		}
	},
	"severity": 8,
	"message": "Argument of type \"dict[str, int] | int\" cannot be assigned to parameter \"created_ns\" of type \"int | None\" in function \"write\"\n  Type \"dict[str, int] | int\" is not assignable to type \"int | None\"\n    Type \"dict[str, int]\" is not assignable to type \"int | None\"\n      \"dict[str, int]\" is not assignable to \"int\"\n      \"dict[str, int]\" is not assignable to \"None\"",
	"source": "Pylance",
	"startLineNumber": 331,
	"startColumn": 40,
	"endLineNumber": 331,
	"endColumn": 46,
	"modelVersionId": 1,
	"origin": "extHost1"
},{
	"resource": "/f:/Brain-5D/tests/test_b5d_storage.py",
	"owner": "Pylance",
	"code": {
		"value": "reportArgumentType",
		"target": {
			"$mid": 1,
			"path": "/microsoft/pylance-release/blob/main/docs/diagnostics/reportArgumentType.md",
			"scheme": "https",
			"authority": "github.com"
		}
	},
	"severity": 8,
	"message": "Argument of type \"FakeNetwork\" cannot be assigned to parameter \"network\" of type \"NetworkSnapshotLike\" in function \"write\"\n  \"FakeNetwork\" is incompatible with protocol \"NetworkSnapshotLike\"\n    \"neurons\" is invariant because it is mutable\n    \"neurons\" is an incompatible type\n      \"dict[int, FakeNeuron]\" is not assignable to \"Mapping[int, NeuronSnapshotLike]\"\n    \"synapses\" is invariant because it is mutable\n    \"synapses\" is an incompatible type\n      \"dict[int, list[FakeSynapse]]\" is not assignable to \"Mapping[int, Sequence[SynapseSnapshotLike]]\"",
	"source": "Pylance",
	"startLineNumber": 338,
	"startColumn": 46,
	"endLineNumber": 338,
	"endColumn": 56,
	"modelVersionId": 1,
	"origin": "extHost1"
},{
	"resource": "/f:/Brain-5D/tests/test_b5d_storage.py",
	"owner": "Pylance",
	"code": {
		"value": "reportArgumentType",
		"target": {
			"$mid": 1,
			"path": "/microsoft/pylance-release/blob/main/docs/diagnostics/reportArgumentType.md",
			"scheme": "https",
			"authority": "github.com"
		}
	},
	"severity": 8,
	"message": "Argument of type \"FakeNetwork\" cannot be assigned to parameter \"network\" of type \"NetworkSnapshotLike\" in function \"write\"\n  \"FakeNetwork\" is incompatible with protocol \"NetworkSnapshotLike\"\n    \"neurons\" is invariant because it is mutable\n    \"neurons\" is an incompatible type\n      \"dict[int, FakeNeuron]\" is not assignable to \"Mapping[int, NeuronSnapshotLike]\"\n    \"synapses\" is invariant because it is mutable\n    \"synapses\" is an incompatible type\n      \"dict[int, list[FakeSynapse]]\" is not assignable to \"Mapping[int, Sequence[SynapseSnapshotLike]]\"",
	"source": "Pylance",
	"startLineNumber": 375,
	"startColumn": 58,
	"endLineNumber": 375,
	"endColumn": 65,
	"modelVersionId": 1,
	"origin": "extHost1"
},{
	"resource": "/f:/Brain-5D/tests/test_async_storage.py",
	"owner": "Pylance",
	"code": {
		"value": "reportArgumentType",
		"target": {
			"$mid": 1,
			"path": "/microsoft/pylance-release/blob/main/docs/diagnostics/reportArgumentType.md",
			"scheme": "https",
			"authority": "github.com"
		}
	},
	"severity": 8,
	"message": "Argument of type \"FakeNetwork\" cannot be assigned to parameter \"network\" of type \"RuntimeNetworkLike\" in function \"__init__\"\n  \"FakeNetwork\" is incompatible with protocol \"RuntimeNetworkLike\"\n    \"neurons\" is invariant because it is mutable\n    \"neurons\" is an incompatible type\n      \"dict[int, FakeNeuron]\" is not assignable to \"Mapping[int, RuntimeNeuronLike]\"\n    \"synapses\" is invariant because it is mutable\n    \"synapses\" is an incompatible type\n      \"dict[int, list[FakeSynapse]]\" is not assignable to \"Mapping[int, Sequence[RuntimeSynapseLike]]\"\n    \"add_post_step_hook\" is an incompatible type\n  ...",
	"source": "Pylance",
	"startLineNumber": 26,
	"startColumn": 9,
	"endLineNumber": 26,
	"endColumn": 16,
	"modelVersionId": 1,
	"origin": "extHost1"
},{
	"resource": "/f:/Brain-5D/src/visualization/observatory.py",
	"owner": "Pylance",
	"code": {
		"value": "reportUnknownMemberType",
		"target": {
			"$mid": 1,
			"path": "/microsoft/pylance-release/blob/main/docs/diagnostics/reportUnknownMemberType.md",
			"scheme": "https",
			"authority": "github.com"
		}
	},
	"severity": 8,
	"message": "Type of \"ion\" is partially unknown\n  Type of \"ion\" is \"() -> AbstractContextManager[Unknown, bool | None]\"",
	"source": "Pylance",
	"startLineNumber": 53,
	"startColumn": 9,
	"endLineNumber": 53,
	"endColumn": 16,
	"modelVersionId": 1,
	"origin": "extHost1"
},{
	"resource": "/f:/Brain-5D/src/visualization/observatory.py",
	"owner": "Pylance",
	"code": {
		"value": "reportUnknownMemberType",
		"target": {
			"$mid": 1,
			"path": "/microsoft/pylance-release/blob/main/docs/diagnostics/reportUnknownMemberType.md",
			"scheme": "https",
			"authority": "github.com"
		}
	},
	"severity": 8,
	"message": "Type of \"figure\" is partially unknown\n  Type of \"figure\" is \"(num: int | str | Figure | SubFigure | None = None, figsize: Buffer | _SupportsArray[dtype[Any]] | _NestedSequence[_SupportsArray[dtype[Any]]] | complex | bytes | str | _NestedSequence[complex | bytes | str] | tuple[float, float, Literal['in', 'cm', 'px']] | None = None, dpi: float | None = None, *, facecolor: tuple[float, float, float] | str | tuple[float, float, float, float] | tuple[tuple[float, float, float] | str, float] | tuple[tuple[float, float, float, float], float] | None = None, edgecolor: tuple[float, float, float] | str | tuple[float, float, float, float] | tuple[tuple[float, float, float] | str, float] | tuple[tuple[float, float, float, float], float] | None = None, frameon: bool = True, FigureClass: type[Figure] = Figure, clear: bool = False, **kwargs: Unknown) -> Figure\"",
	"source": "Pylance",
	"startLineNumber": 54,
	"startColumn": 20,
	"endLineNumber": 54,
	"endColumn": 30,
	"modelVersionId": 1,
	"origin": "extHost1"
},{
	"resource": "/f:/Brain-5D/src/visualization/observatory.py",
	"owner": "Pylance",
	"code": {
		"value": "reportUnknownMemberType",
		"target": {
			"$mid": 1,
			"path": "/microsoft/pylance-release/blob/main/docs/diagnostics/reportUnknownMemberType.md",
			"scheme": "https",
			"authority": "github.com"
		}
	},
	"severity": 8,
	"message": "Type of \"add_gridspec\" is partially unknown\n  Type of \"add_gridspec\" is \"(nrows: int = ..., ncols: int = ..., **kwargs: Unknown) -> GridSpec\"",
	"source": "Pylance",
	"startLineNumber": 55,
	"startColumn": 16,
	"endLineNumber": 55,
	"endColumn": 37,
	"modelVersionId": 1,
	"origin": "extHost1"
},{
	"resource": "/f:/Brain-5D/src/visualization/observatory.py",
	"owner": "Pylance",
	"code": {
		"value": "reportUnknownMemberType",
		"target": {
			"$mid": 1,
			"path": "/microsoft/pylance-release/blob/main/docs/diagnostics/reportUnknownMemberType.md",
			"scheme": "https",
			"authority": "github.com"
		}
	},
	"severity": 8,
	"message": "Type of \"scatter\" is partially unknown\n  Type of \"scatter\" is \"(xs: Unknown, ys: Unknown, zs: int = 0, zdir: str = 'z', s: int = 20, c: Unknown | None = None, depthshade: Unknown | None = None, ..., depthshade_minalpha: Unknown | None = None, axlim_clip: bool = False) -> PathCollection\"",
	"source": "Pylance",
	"startLineNumber": 62,
	"startColumn": 28,
	"endLineNumber": 62,
	"endColumn": 44,
	"modelVersionId": 1,
	"origin": "extHost1"
},{
	"resource": "/f:/Brain-5D/src/visualization/observatory.py",
	"owner": "Pylance",
	"code": {
		"value": "reportArgumentType",
		"target": {
			"$mid": 1,
			"path": "/microsoft/pylance-release/blob/main/docs/diagnostics/reportArgumentType.md",
			"scheme": "https",
			"authority": "github.com"
		}
	},
	"severity": 8,
	"message": "Argument of type \"list[Any]\" cannot be assigned to parameter \"zs\" of type \"int\" in function \"scatter\"\n  \"list[Any]\" is not assignable to \"int\"",
	"source": "Pylance",
	"startLineNumber": 63,
	"startColumn": 21,
	"endLineNumber": 63,
	"endColumn": 23,
	"modelVersionId": 1,
	"origin": "extHost1"
},{
	"resource": "/f:/Brain-5D/src/visualization/observatory.py",
	"owner": "Pylance",
	"code": {
		"value": "reportUnknownMemberType",
		"target": {
			"$mid": 1,
			"path": "/microsoft/pylance-release/blob/main/docs/diagnostics/reportUnknownMemberType.md",
			"scheme": "https",
			"authority": "github.com"
		}
	},
	"severity": 8,
	"message": "Type of \"scatter\" is partially unknown\n  Type of \"scatter\" is \"(x: float | Buffer | _SupportsArray[dtype[Any]] | _NestedSequence[_SupportsArray[dtype[Any]]] | complex | bytes | str | _NestedSequence[complex | bytes | str], y: float | Buffer | _SupportsArray[dtype[Any]] | _NestedSequence[_SupportsArray[dtype[Any]]] | complex | bytes | str | _NestedSequence[complex | bytes | str], s: float | Buffer | _SupportsArray[dtype[Any]] | _NestedSequence[_SupportsArray[dtype[Any]]] | complex | bytes | str | _NestedSequence[complex | bytes | str] | None = ..., c: Buffer | _SupportsArray[dtype[Any]] | _NestedSequence[_SupportsArray[dtype[Any]]] | complex | bytes | str | _NestedSequence[complex | bytes | str] | Sequence[tuple[float, float, float] | str | tuple[float, float, float, float] | tuple[tuple[float, float, float] | str, float] | tuple[tuple[float, float, float, float], float]] | tuple[float, float, float] | tuple[float, float, float, float] | tuple[tuple[float, float, float] | str, float] | tuple[tuple[float, float, float, float], float] | None = ..., *, marker: Path | MarkerStyle | str | list[tuple[int, int]] | tuple[int, Literal[0, 1, 2], int] | Literal[0, 1, 2, 3, 4, 5, 6, 7, 8, 9, 10, 11] | None = ..., cmap: str | Colormap | None = ..., norm: str | Normalize | None = ..., vmin: float | None = ..., vmax: float | None = ..., alpha: float | None = ..., linewidths: float | Sequence[float] | None = ..., edgecolors: tuple[float, float, float] | str | tuple[float, float, float, float] | tuple[tuple[float, float, float] | str, float] | tuple[tuple[float, float, float, float], float] | Sequence[tuple[float, float, float] | str | tuple[float, float, float, float] | tuple[tuple[float, float, float] | str, float] | tuple[tuple[float, float, float, float], float]] | None = ..., colorizer: Colorizer | None = ..., plotnonfinite: bool = ..., data: Mapping[str, Any] | None = ..., **kwargs: Unknown) -> PathCollection\"",
	"source": "Pylance",
	"startLineNumber": 65,
	"startColumn": 27,
	"endLineNumber": 65,
	"endColumn": 43,
	"modelVersionId": 1,
	"origin": "extHost1"
},{
	"resource": "/f:/Brain-5D/src/visualization/observatory.py",
	"owner": "Pylance",
	"code": {
		"value": "reportUnknownMemberType",
		"target": {
			"$mid": 1,
			"path": "/microsoft/pylance-release/blob/main/docs/diagnostics/reportUnknownMemberType.md",
			"scheme": "https",
			"authority": "github.com"
		}
	},
	"severity": 8,
	"message": "Type of \"scatter\" is partially unknown\n  Type of \"scatter\" is \"(x: float | Buffer | _SupportsArray[dtype[Any]] | _NestedSequence[_SupportsArray[dtype[Any]]] | complex | bytes | str | _NestedSequence[complex | bytes | str], y: float | Buffer | _SupportsArray[dtype[Any]] | _NestedSequence[_SupportsArray[dtype[Any]]] | complex | bytes | str | _NestedSequence[complex | bytes | str], s: float | Buffer | _SupportsArray[dtype[Any]] | _NestedSequence[_SupportsArray[dtype[Any]]] | complex | bytes | str | _NestedSequence[complex | bytes | str] | None = ..., c: Buffer | _SupportsArray[dtype[Any]] | _NestedSequence[_SupportsArray[dtype[Any]]] | complex | bytes | str | _NestedSequence[complex | bytes | str] | Sequence[tuple[float, float, float] | str | tuple[float, float, float, float] | tuple[tuple[float, float, float] | str, float] | tuple[tuple[float, float, float, float], float]] | tuple[float, float, float] | tuple[float, float, float, float] | tuple[tuple[float, float, float] | str, float] | tuple[tuple[float, float, float, float], float] | None = ..., *, marker: Path | MarkerStyle | str | list[tuple[int, int]] | tuple[int, Literal[0, 1, 2], int] | Literal[0, 1, 2, 3, 4, 5, 6, 7, 8, 9, 10, 11] | None = ..., cmap: str | Colormap | None = ..., norm: str | Normalize | None = ..., vmin: float | None = ..., vmax: float | None = ..., alpha: float | None = ..., linewidths: float | Sequence[float] | None = ..., edgecolors: tuple[float, float, float] | str | tuple[float, float, float, float] | tuple[tuple[float, float, float] | str, float] | tuple[tuple[float, float, float, float], float] | Sequence[tuple[float, float, float] | str | tuple[float, float, float, float] | tuple[tuple[float, float, float] | str, float] | tuple[tuple[float, float, float, float], float]] | None = ..., colorizer: Colorizer | None = ..., plotnonfinite: bool = ..., data: Mapping[str, Any] | None = ..., **kwargs: Unknown) -> PathCollection\"",
	"source": "Pylance",
	"startLineNumber": 68,
	"startColumn": 31,
	"endLineNumber": 68,
	"endColumn": 47,
	"modelVersionId": 1,
	"origin": "extHost1"
},{
	"resource": "/f:/Brain-5D/src/visualization/observatory.py",
	"owner": "Pylance",
	"code": {
		"value": "reportUnknownMemberType",
		"target": {
			"$mid": 1,
			"path": "/microsoft/pylance-release/blob/main/docs/diagnostics/reportUnknownMemberType.md",
			"scheme": "https",
			"authority": "github.com"
		}
	},
	"severity": 8,
	"message": "Type of \"plot\" is partially unknown\n  Type of \"plot\" is \"(*args: float | Buffer | _SupportsArray[dtype[Any]] | _NestedSequence[_SupportsArray[dtype[Any]]] | complex | bytes | str | _NestedSequence[complex | bytes | str], scalex: bool = ..., scaley: bool = ..., data: Mapping[str, Any] | None = ..., **kwargs: Unknown) -> list[Line2D]\"",
	"source": "Pylance",
	"startLineNumber": 69,
	"startColumn": 31,
	"endLineNumber": 69,
	"endColumn": 44,
	"modelVersionId": 1,
	"origin": "extHost1"
},{
	"resource": "/f:/Brain-5D/src/visualization/observatory.py",
	"owner": "Pylance",
	"code": {
		"value": "reportUnknownMemberType",
		"target": {
			"$mid": 1,
			"path": "/microsoft/pylance-release/blob/main/docs/diagnostics/reportUnknownMemberType.md",
			"scheme": "https",
			"authority": "github.com"
		}
	},
	"severity": 8,
	"message": "Type of \"plot\" is partially unknown\n  Type of \"plot\" is \"(*args: float | Buffer | _SupportsArray[dtype[Any]] | _NestedSequence[_SupportsArray[dtype[Any]]] | complex | bytes | str | _NestedSequence[complex | bytes | str], scalex: bool = ..., scaley: bool = ..., data: Mapping[str, Any] | None = ..., **kwargs: Unknown) -> list[Line2D]\"",
	"source": "Pylance",
	"startLineNumber": 70,
	"startColumn": 26,
	"endLineNumber": 70,
	"endColumn": 39,
	"modelVersionId": 1,
	"origin": "extHost1"
},{
	"resource": "/f:/Brain-5D/src/visualization/observatory.py",
	"owner": "Pylance",
	"code": {
		"value": "reportUnknownMemberType",
		"target": {
			"$mid": 1,
			"path": "/microsoft/pylance-release/blob/main/docs/diagnostics/reportUnknownMemberType.md",
			"scheme": "https",
			"authority": "github.com"
		}
	},
	"severity": 8,
	"message": "Type of \"plot\" is partially unknown\n  Type of \"plot\" is \"(*args: float | Buffer | _SupportsArray[dtype[Any]] | _NestedSequence[_SupportsArray[dtype[Any]]] | complex | bytes | str | _NestedSequence[complex | bytes | str], scalex: bool = ..., scaley: bool = ..., data: Mapping[str, Any] | None = ..., **kwargs: Unknown) -> list[Line2D]\"",
	"source": "Pylance",
	"startLineNumber": 71,
	"startColumn": 30,
	"endLineNumber": 71,
	"endColumn": 43,
	"modelVersionId": 1,
	"origin": "extHost1"
},{
	"resource": "/f:/Brain-5D/src/visualization/observatory.py",
	"owner": "Pylance",
	"code": {
		"value": "reportUnknownMemberType",
		"target": {
			"$mid": 1,
			"path": "/microsoft/pylance-release/blob/main/docs/diagnostics/reportUnknownMemberType.md",
			"scheme": "https",
			"authority": "github.com"
		}
	},
	"severity": 8,
	"message": "Type of \"legend\" is partially unknown\n  Type of \"legend\" is \"Overload[() -> Legend, (handles: Iterable[Artist | tuple[Artist, ...]], labels: Iterable[str], *, loc: tuple[float, float] | int | Literal['upper right', 'upper left', 'lower left', 'lower right', 'right', 'center left', 'center right', 'lower center', 'upper center', 'center', 'best', 'outside upper left', 'outside upper center', 'outside upper right', 'outside right upper', 'outside right center', 'outside right lower', 'outside lower right', 'outside lower center', 'outside lower left', 'outside left lower', 'outside left center', 'outside left upper'] | None = ..., **kwargs: Unknown) -> Legend, (*, handles: Iterable[Artist | tuple[Artist, ...]], loc: tuple[float, float] | int | Literal['upper right', 'upper left', 'lower left', 'lower right', 'right', 'center left', 'center right', 'lower center', 'upper center', 'center', 'best', 'outside upper left', 'outside upper center', 'outside upper right', 'outside right upper', 'outside right center', 'outside right lower', 'outside lower right', 'outside lower center', 'outside lower left', 'outside left lower', 'outside left center', 'outside left upper'] | None = ..., **kwargs: Unknown) -> Legend, (labels: Iterable[str], *, loc: tuple[float, float] | int | Literal['upper right', 'upper left', 'lower left', 'lower right', 'right', 'center left', 'center right', 'lower center', 'upper center', 'center', 'best', 'outside upper left', 'outside upper center', 'outside upper right', 'outside right upper', 'outside right center', 'outside right lower', 'outside lower right', 'outside lower center', 'outside lower left', 'outside left lower', 'outside left center', 'outside left upper'] | None = ..., **kwargs: Unknown) -> Legend, (*, loc: tuple[float, float] | int | Literal['upper right', 'upper left', 'lower left', 'lower right', 'right', 'center left', 'center right', 'lower center', 'upper center', 'center', 'best', 'outside upper left', 'outside upper center', 'outside upper right', 'outside right upper', 'outside right center', 'outside right lower', 'outside lower right', 'outside lower center', 'outside lower left', 'outside left lower', 'outside left center', 'outside left upper'] | None = ..., **kwargs: Unknown) -> Legend]\"",
	"source": "Pylance",
	"startLineNumber": 72,
	"startColumn": 9,
	"endLineNumber": 72,
	"endColumn": 24,
	"modelVersionId": 1,
	"origin": "extHost1"
},{
	"resource": "/f:/Brain-5D/src/visualization/observatory.py",
	"owner": "Pylance",
	"code": {
		"value": "reportUnknownMemberType",
		"target": {
			"$mid": 1,
			"path": "/microsoft/pylance-release/blob/main/docs/diagnostics/reportUnknownMemberType.md",
			"scheme": "https",
			"authority": "github.com"
		}
	},
	"severity": 8,
	"message": "Type of \"set_title\" is partially unknown\n  Type of \"set_title\" is \"(label: Unknown, fontdict: Unknown | None = None, loc: str = 'center', **kwargs: Unknown) -> Text\"",
	"source": "Pylance",
	"startLineNumber": 73,
	"startColumn": 9,
	"endLineNumber": 73,
	"endColumn": 27,
	"modelVersionId": 1,
	"origin": "extHost1"
},{
	"resource": "/f:/Brain-5D/src/visualization/observatory.py",
	"owner": "Pylance",
	"code": {
		"value": "reportUnknownMemberType",
		"target": {
			"$mid": 1,
			"path": "/microsoft/pylance-release/blob/main/docs/diagnostics/reportUnknownMemberType.md",
			"scheme": "https",
			"authority": "github.com"
		}
	},
	"severity": 8,
	"message": "Type of \"set_title\" is partially unknown\n  Type of \"set_title\" is \"(label: str, fontdict: dict[str, Any] | None = ..., loc: Literal['left', 'center', 'right'] | None = ..., pad: float | None = ..., *, y: float | None = ..., **kwargs: Unknown) -> Text\"",
	"source": "Pylance",
	"startLineNumber": 74,
	"startColumn": 9,
	"endLineNumber": 74,
	"endColumn": 27,
	"modelVersionId": 1,
	"origin": "extHost1"
},{
	"resource": "/f:/Brain-5D/src/visualization/observatory.py",
	"owner": "Pylance",
	"code": {
		"value": "reportUnknownMemberType",
		"target": {
			"$mid": 1,
			"path": "/microsoft/pylance-release/blob/main/docs/diagnostics/reportUnknownMemberType.md",
			"scheme": "https",
			"authority": "github.com"
		}
	},
	"severity": 8,
	"message": "Type of \"set_title\" is partially unknown\n  Type of \"set_title\" is \"(label: str, fontdict: dict[str, Any] | None = ..., loc: Literal['left', 'center', 'right'] | None = ..., pad: float | None = ..., *, y: float | None = ..., **kwargs: Unknown) -> Text\"",
	"source": "Pylance",
	"startLineNumber": 75,
	"startColumn": 9,
	"endLineNumber": 75,
	"endColumn": 27,
	"modelVersionId": 1,
	"origin": "extHost1"
},{
	"resource": "/f:/Brain-5D/src/visualization/observatory.py",
	"owner": "Pylance",
	"code": {
		"value": "reportUnknownMemberType",
		"target": {
			"$mid": 1,
			"path": "/microsoft/pylance-release/blob/main/docs/diagnostics/reportUnknownMemberType.md",
			"scheme": "https",
			"authority": "github.com"
		}
	},
	"severity": 8,
	"message": "Type of \"set_title\" is partially unknown\n  Type of \"set_title\" is \"(label: str, fontdict: dict[str, Any] | None = ..., loc: Literal['left', 'center', 'right'] | None = ..., pad: float | None = ..., *, y: float | None = ..., **kwargs: Unknown) -> Text\"",
	"source": "Pylance",
	"startLineNumber": 76,
	"startColumn": 9,
	"endLineNumber": 76,
	"endColumn": 27,
	"modelVersionId": 1,
	"origin": "extHost1"
},{
	"resource": "/f:/Brain-5D/src/visualization/observatory.py",
	"owner": "Pylance",
	"code": {
		"value": "reportUnknownMemberType",
		"target": {
			"$mid": 1,
			"path": "/microsoft/pylance-release/blob/main/docs/diagnostics/reportUnknownMemberType.md",
			"scheme": "https",
			"authority": "github.com"
		}
	},
	"severity": 8,
	"message": "Type of \"text\" is partially unknown\n  Type of \"text\" is \"(x: float, y: float, s: str, fontdict: dict[str, Any] | None = ..., **kwargs: Unknown) -> Text\"",
	"source": "Pylance",
	"startLineNumber": 83,
	"startColumn": 28,
	"endLineNumber": 83,
	"endColumn": 41,
	"modelVersionId": 1,
	"origin": "extHost1"
},{
	"resource": "/f:/Brain-5D/src/visualization/observatory.py",
	"owner": "Pylance",
	"code": {
		"value": "reportUnknownMemberType",
		"target": {
			"$mid": 1,
			"path": "/microsoft/pylance-release/blob/main/docs/diagnostics/reportUnknownMemberType.md",
			"scheme": "https",
			"authority": "github.com"
		}
	},
	"severity": 8,
	"message": "Type of \"text\" is partially unknown\n  Type of \"text\" is \"(x: float, y: float, s: str, fontdict: dict[str, Any] | None = ..., **kwargs: Unknown) -> Text\"",
	"source": "Pylance",
	"startLineNumber": 84,
	"startColumn": 27,
	"endLineNumber": 84,
	"endColumn": 40,
	"modelVersionId": 1,
	"origin": "extHost1"
},{
	"resource": "/f:/Brain-5D/src/visualization/observatory.py",
	"owner": "Pylance",
	"code": {
		"value": "reportUnknownMemberType",
		"target": {
			"$mid": 1,
			"path": "/microsoft/pylance-release/blob/main/docs/diagnostics/reportUnknownMemberType.md",
			"scheme": "https",
			"authority": "github.com"
		}
	},
	"severity": 8,
	"message": "Type of \"show\" is partially unknown\n  Type of \"show\" is \"Overload[(*, block: bool, **kwargs: Unknown) -> None, (...) -> None]\"",
	"source": "Pylance",
	"startLineNumber": 88,
	"startColumn": 9,
	"endLineNumber": 88,
	"endColumn": 17,
	"modelVersionId": 1,
	"origin": "extHost1"
},{
	"resource": "/f:/Brain-5D/src/visualization/observatory.py",
	"owner": "Pylance",
	"code": {
		"value": "reportAttributeAccessIssue",
		"target": {
			"$mid": 1,
			"path": "/microsoft/pylance-release/blob/main/docs/diagnostics/reportAttributeAccessIssue.md",
			"scheme": "https",
			"authority": "github.com"
		}
	},
	"severity": 8,
	"message": "Cannot assign to attribute \"_offsets3d\" for class \"PathCollection\"\n  Attribute \"_offsets3d\" is unknown",
	"source": "Pylance",
	"startLineNumber": 131,
	"startColumn": 26,
	"endLineNumber": 131,
	"endColumn": 36,
	"modelVersionId": 1,
	"origin": "extHost1"
},{
	"resource": "/f:/Brain-5D/src/visualization/observatory.py",
	"owner": "Pylance",
	"code": {
		"value": "reportUnknownMemberType",
		"target": {
			"$mid": 1,
			"path": "/microsoft/pylance-release/blob/main/docs/diagnostics/reportUnknownMemberType.md",
			"scheme": "https",
			"authority": "github.com"
		}
	},
	"severity": 8,
	"message": "Type of \"draw_idle\" is partially unknown\n  Type of \"draw_idle\" is \"(...) -> None\"",
	"source": "Pylance",
	"startLineNumber": 191,
	"startColumn": 9,
	"endLineNumber": 191,
	"endColumn": 34,
	"modelVersionId": 1,
	"origin": "extHost1"
},{
	"resource": "/f:/Brain-5D/src/visualization/observatory.py",
	"owner": "Pylance",
	"code": {
		"value": "reportUnknownMemberType",
		"target": {
			"$mid": 1,
			"path": "/microsoft/pylance-release/blob/main/docs/diagnostics/reportUnknownMemberType.md",
			"scheme": "https",
			"authority": "github.com"
		}
	},
	"severity": 8,
	"message": "Type of \"savefig\" is partially unknown\n  Type of \"savefig\" is \"(fname: str | PathLike[Unknown] | IO[Unknown], *, transparent: bool | None = ..., **kwargs: Unknown) -> None\"",
	"source": "Pylance",
	"startLineNumber": 197,
	"startColumn": 9,
	"endLineNumber": 197,
	"endColumn": 25,
	"modelVersionId": 1,
	"origin": "extHost1"
},{
	"resource": "/f:/Brain-5D/src/visualization/observatory.py",
	"owner": "Pylance",
	"code": {
		"value": "reportUnknownMemberType",
		"target": {
			"$mid": 1,
			"path": "/microsoft/pylance-release/blob/main/docs/diagnostics/reportUnknownMemberType.md",
			"scheme": "https",
			"authority": "github.com"
		}
	},
	"severity": 8,
	"message": "Type of \"ioff\" is partially unknown\n  Type of \"ioff\" is \"() -> AbstractContextManager[Unknown, bool | None]\"",
	"source": "Pylance",
	"startLineNumber": 203,
	"startColumn": 9,
	"endLineNumber": 203,
	"endColumn": 17,
	"modelVersionId": 1,
	"origin": "extHost1"
},{
	"resource": "/f:/Brain-5D/src/visualization/observatory.py",
	"owner": "Pylance",
	"code": {
		"value": "reportUnknownMemberType",
		"target": {
			"$mid": 1,
			"path": "/microsoft/pylance-release/blob/main/docs/diagnostics/reportUnknownMemberType.md",
			"scheme": "https",
			"authority": "github.com"
		}
	},
	"severity": 8,
	"message": "Type of \"show\" is partially unknown\n  Type of \"show\" is \"Overload[(*, block: bool, **kwargs: Unknown) -> None, (...) -> None]\"",
	"source": "Pylance",
	"startLineNumber": 204,
	"startColumn": 9,
	"endLineNumber": 204,
	"endColumn": 17,
	"modelVersionId": 1,
	"origin": "extHost1"
},{
	"resource": "/f:/Brain-5D/src/visualization/heatmap.py",
	"owner": "Pylance",
	"code": {
		"value": "reportUnknownMemberType",
		"target": {
			"$mid": 1,
			"path": "/microsoft/pylance-release/blob/main/docs/diagnostics/reportUnknownMemberType.md",
			"scheme": "https",
			"authority": "github.com"
		}
	},
	"severity": 8,
	"message": "Type of \"imshow\" is partially unknown\n  Type of \"imshow\" is \"(X: Buffer | _SupportsArray[dtype[Any]] | _NestedSequence[_SupportsArray[dtype[Any]]] | complex | bytes | str | _NestedSequence[complex | bytes | str] | Image, cmap: str | Colormap | None = ..., norm: str | Normalize | None = ..., *, aspect: float | Literal['equal', 'auto'] | None = ..., interpolation: str | None = ..., alpha: float | Buffer | _SupportsArray[dtype[Any]] | _NestedSequence[_SupportsArray[dtype[Any]]] | complex | bytes | str | _NestedSequence[complex | bytes | str] | None = ..., vmin: float | None = ..., vmax: float | None = ..., colorizer: Colorizer | None = ..., origin: Literal['upper', 'lower'] | None = ..., extent: tuple[float, float, float, float] | None = ..., interpolation_stage: Literal['data', 'rgba', 'auto'] | None = ..., filternorm: bool = ..., filterrad: float = ..., resample: bool | None = ..., url: str | None = ..., data: Mapping[str, Any] | None = ..., **kwargs: Unknown) -> AxesImage\"",
	"source": "Pylance",
	"startLineNumber": 142,
	"startColumn": 27,
	"endLineNumber": 142,
	"endColumn": 43,
	"modelVersionId": 1,
	"origin": "extHost1"
},{
	"resource": "/f:/Brain-5D/src/visualization/heatmap.py",
	"owner": "Pylance",
	"code": {
		"value": "reportUnknownMemberType",
		"target": {
			"$mid": 1,
			"path": "/microsoft/pylance-release/blob/main/docs/diagnostics/reportUnknownMemberType.md",
			"scheme": "https",
			"authority": "github.com"
		}
	},
	"severity": 8,
	"message": "Type of \"colorbar\" is partially unknown\n  Type of \"colorbar\" is \"(mappable: _ScalarMappable | ColorizingArtist, cax: Axes | None = ..., ax: Axes | Iterable[Axes] | None = ..., use_gridspec: bool = ..., **kwargs: Unknown) -> Colorbar\"",
	"source": "Pylance",
	"startLineNumber": 149,
	"startColumn": 30,
	"endLineNumber": 149,
	"endColumn": 55,
	"modelVersionId": 1,
	"origin": "extHost1"
},{
	"resource": "/f:/Brain-5D/src/visualization/heatmap.py",
	"owner": "Pylance",
	"code": {
		"value": "reportUnknownMemberType",
		"target": {
			"$mid": 1,
			"path": "/microsoft/pylance-release/blob/main/docs/diagnostics/reportUnknownMemberType.md",
			"scheme": "https",
			"authority": "github.com"
		}
	},
	"severity": 8,
	"message": "Type of \"set_title\" is partially unknown\n  Type of \"set_title\" is \"(label: str, fontdict: dict[str, Any] | None = ..., loc: Literal['left', 'center', 'right'] | None = ..., pad: float | None = ..., *, y: float | None = ..., **kwargs: Unknown) -> Text\"",
	"source": "Pylance",
	"startLineNumber": 161,
	"startColumn": 9,
	"endLineNumber": 161,
	"endColumn": 28,
	"modelVersionId": 1,
	"origin": "extHost1"
},{
	"resource": "/f:/Brain-5D/src/visualization/heatmap.py",
	"owner": "Pylance",
	"code": {
		"value": "reportUnknownMemberType",
		"target": {
			"$mid": 1,
			"path": "/microsoft/pylance-release/blob/main/docs/diagnostics/reportUnknownMemberType.md",
			"scheme": "https",
			"authority": "github.com"
		}
	},
	"severity": 8,
	"message": "Type of \"set_xlabel\" is partially unknown\n  Type of \"set_xlabel\" is \"(xlabel: str, fontdict: dict[str, Any] | None = ..., labelpad: float | None = ..., *, loc: Literal['left', 'center', 'right'] | None = ..., **kwargs: Unknown) -> Text\"",
	"source": "Pylance",
	"startLineNumber": 162,
	"startColumn": 9,
	"endLineNumber": 162,
	"endColumn": 29,
	"modelVersionId": 1,
	"origin": "extHost1"
},{
	"resource": "/f:/Brain-5D/src/visualization/heatmap.py",
	"owner": "Pylance",
	"code": {
		"value": "reportUnknownMemberType",
		"target": {
			"$mid": 1,
			"path": "/microsoft/pylance-release/blob/main/docs/diagnostics/reportUnknownMemberType.md",
			"scheme": "https",
			"authority": "github.com"
		}
	},
	"severity": 8,
	"message": "Type of \"set_ylabel\" is partially unknown\n  Type of \"set_ylabel\" is \"(ylabel: str, fontdict: dict[str, Any] | None = ..., labelpad: float | None = ..., *, loc: Literal['bottom', 'center', 'top'] | None = ..., **kwargs: Unknown) -> Text\"",
	"source": "Pylance",
	"startLineNumber": 163,
	"startColumn": 9,
	"endLineNumber": 163,
	"endColumn": 29,
	"modelVersionId": 1,
	"origin": "extHost1"
},{
	"resource": "/f:/Brain-5D/src/visualization/heatmap.py",
	"owner": "Pylance",
	"code": {
		"value": "reportUnknownMemberType",
		"target": {
			"$mid": 1,
			"path": "/microsoft/pylance-release/blob/main/docs/diagnostics/reportUnknownMemberType.md",
			"scheme": "https",
			"authority": "github.com"
		}
	},
	"severity": 8,
	"message": "Type of \"set_label\" is partially unknown\n  Type of \"set_label\" is \"(label: str, *, loc: str | None = ..., **kwargs: Unknown) -> None\"",
	"source": "Pylance",
	"startLineNumber": 165,
	"startColumn": 13,
	"endLineNumber": 165,
	"endColumn": 37,
	"modelVersionId": 1,
	"origin": "extHost1"
},{
	"resource": "/f:/Brain-5D/src/utils/run_artifacts.py",
	"owner": "Pylance",
	"code": {
		"value": "reportMissingTypeArgument",
		"target": {
			"$mid": 1,
			"path": "/microsoft/pylance-release/blob/main/docs/diagnostics/reportMissingTypeArgument.md",
			"scheme": "https",
			"authority": "github.com"
		}
	},
	"severity": 8,
	"message": "Expected type arguments for generic class \"dict\"",
	"source": "Pylance",
	"startLineNumber": 33,
	"startColumn": 23,
	"endLineNumber": 33,
	"endColumn": 27,
	"modelVersionId": 1,
	"origin": "extHost1"
},{
	"resource": "/f:/Brain-5D/src/utils/run_artifacts.py",
	"owner": "Pylance",
	"code": {
		"value": "reportUnknownParameterType",
		"target": {
			"$mid": 1,
			"path": "/microsoft/pylance-release/blob/main/docs/diagnostics/reportUnknownParameterType.md",
			"scheme": "https",
			"authority": "github.com"
		}
	},
	"severity": 8,
	"message": "Type of parameter \"exc_type\" is unknown",
	"source": "Pylance",
	"startLineNumber": 66,
	"startColumn": 24,
	"endLineNumber": 66,
	"endColumn": 32,
	"modelVersionId": 1,
	"origin": "extHost1"
},{
	"resource": "/f:/Brain-5D/src/utils/run_artifacts.py",
	"owner": "Pylance",
	"code": {
		"value": "reportMissingParameterType",
		"target": {
			"$mid": 1,
			"path": "/microsoft/pylance-release/blob/main/docs/diagnostics/reportMissingParameterType.md",
			"scheme": "https",
			"authority": "github.com"
		}
	},
	"severity": 8,
	"message": "Type annotation is missing for parameter \"exc_type\"",
	"source": "Pylance",
	"startLineNumber": 66,
	"startColumn": 24,
	"endLineNumber": 66,
	"endColumn": 32,
	"modelVersionId": 1,
	"origin": "extHost1"
},{
	"resource": "/f:/Brain-5D/src/utils/run_artifacts.py",
	"owner": "Pylance",
	"code": {
		"value": "reportUnknownParameterType",
		"target": {
			"$mid": 1,
			"path": "/microsoft/pylance-release/blob/main/docs/diagnostics/reportUnknownParameterType.md",
			"scheme": "https",
			"authority": "github.com"
		}
	},
	"severity": 8,
	"message": "Type of parameter \"exc_val\" is unknown",
	"source": "Pylance",
	"startLineNumber": 66,
	"startColumn": 34,
	"endLineNumber": 66,
	"endColumn": 41,
	"modelVersionId": 1,
	"origin": "extHost1"
},{
	"resource": "/f:/Brain-5D/src/utils/run_artifacts.py",
	"owner": "Pylance",
	"code": {
		"value": "reportMissingParameterType",
		"target": {
			"$mid": 1,
			"path": "/microsoft/pylance-release/blob/main/docs/diagnostics/reportMissingParameterType.md",
			"scheme": "https",
			"authority": "github.com"
		}
	},
	"severity": 8,
	"message": "Type annotation is missing for parameter \"exc_val\"",
	"source": "Pylance",
	"startLineNumber": 66,
	"startColumn": 34,
	"endLineNumber": 66,
	"endColumn": 41,
	"modelVersionId": 1,
	"origin": "extHost1"
},{
	"resource": "/f:/Brain-5D/src/utils/run_artifacts.py",
	"owner": "Pylance",
	"code": {
		"value": "reportUnknownParameterType",
		"target": {
			"$mid": 1,
			"path": "/microsoft/pylance-release/blob/main/docs/diagnostics/reportUnknownParameterType.md",
			"scheme": "https",
			"authority": "github.com"
		}
	},
	"severity": 8,
	"message": "Type of parameter \"exc_tb\" is unknown",
	"source": "Pylance",
	"startLineNumber": 66,
	"startColumn": 43,
	"endLineNumber": 66,
	"endColumn": 49,
	"modelVersionId": 1,
	"origin": "extHost1"
},{
	"resource": "/f:/Brain-5D/src/utils/run_artifacts.py",
	"owner": "Pylance",
	"code": {
		"value": "reportMissingParameterType",
		"target": {
			"$mid": 1,
			"path": "/microsoft/pylance-release/blob/main/docs/diagnostics/reportMissingParameterType.md",
			"scheme": "https",
			"authority": "github.com"
		}
	},
	"severity": 8,
	"message": "Type annotation is missing for parameter \"exc_tb\"",
	"source": "Pylance",
	"startLineNumber": 66,
	"startColumn": 43,
	"endLineNumber": 66,
	"endColumn": 49,
	"modelVersionId": 1,
	"origin": "extHost1"
},{
	"resource": "/f:/Brain-5D/src/utils/run_artifacts.py",
	"owner": "Pylance",
	"code": {
		"value": "reportUnknownMemberType",
		"target": {
			"$mid": 1,
			"path": "/microsoft/pylance-release/blob/main/docs/diagnostics/reportUnknownMemberType.md",
			"scheme": "https",
			"authority": "github.com"
		}
	},
	"severity": 8,
	"message": "Type of \"summary\" is partially unknown\n  Type of \"summary\" is \"dict[Unknown, Unknown]\"",
	"source": "Pylance",
	"startLineNumber": 75,
	"startColumn": 24,
	"endLineNumber": 75,
	"endColumn": 36,
	"modelVersionId": 1,
	"origin": "extHost1"
},{
	"resource": "/f:/Brain-5D/src/utils/run_artifacts.py",
	"owner": "Pylance",
	"code": {
		"value": "reportArgumentType",
		"target": {
			"$mid": 1,
			"path": "/microsoft/pylance-release/blob/main/docs/diagnostics/reportArgumentType.md",
			"scheme": "https",
			"authority": "github.com"
		}
	},
	"severity": 8,
	"message": "Argument of type \"TextIOWrapper[_WrappedBuffer] | None\" cannot be assigned to parameter \"f\" of type \"SupportsWrite[str]\" in function \"__init__\"\n  Type \"TextIOWrapper[_WrappedBuffer] | None\" is not assignable to type \"SupportsWrite[str]\"\n    \"None\" is incompatible with protocol \"SupportsWrite[str]\"\n      \"write\" is not present",
	"source": "Pylance",
	"startLineNumber": 81,
	"startColumn": 17,
	"endLineNumber": 81,
	"endColumn": 37,
	"modelVersionId": 1,
	"origin": "extHost1"
},{
	"resource": "/f:/Brain-5D/src/utils/run_artifacts.py",
	"owner": "Pylance",
	"code": {
		"value": "reportOptionalMemberAccess",
		"target": {
			"$mid": 1,
			"path": "/microsoft/pylance-release/blob/main/docs/diagnostics/reportOptionalMemberAccess.md",
			"scheme": "https",
			"authority": "github.com"
		}
	},
	"severity": 8,
	"message": "\"write\" is not a known attribute of \"None\"",
	"source": "Pylance",
	"startLineNumber": 87,
	"startColumn": 28,
	"endLineNumber": 87,
	"endColumn": 33,
	"modelVersionId": 1,
	"origin": "extHost1"
},{
	"resource": "/f:/Brain-5D/src/utils/run_artifacts.py",
	"owner": "Pylance",
	"code": {
		"value": "reportUnknownVariableType",
		"target": {
			"$mid": 1,
			"path": "/microsoft/pylance-release/blob/main/docs/diagnostics/reportUnknownVariableType.md",
			"scheme": "https",
			"authority": "github.com"
		}
	},
	"severity": 8,
	"message": "Type of \"data\" is partially unknown\n  Type of \"data\" is \"dict[str, Any] | Unknown\"",
	"source": "Pylance",
	"startLineNumber": 92,
	"startColumn": 9,
	"endLineNumber": 92,
	"endColumn": 13,
	"modelVersionId": 1,
	"origin": "extHost1"
},{
	"resource": "/f:/Brain-5D/src/utils/run_artifacts.py",
	"owner": "Pylance",
	"code": {
		"value": "reportArgumentType",
		"target": {
			"$mid": 1,
			"path": "/microsoft/pylance-release/blob/main/docs/diagnostics/reportArgumentType.md",
			"scheme": "https",
			"authority": "github.com"
		}
	},
	"severity": 8,
	"message": "Argument of type \"DataclassInstance | type[DataclassInstance]\" cannot be assigned to parameter \"obj\" of type \"DataclassInstance\" in function \"asdict\"\n  Type \"DataclassInstance | type[DataclassInstance]\" is not assignable to type \"DataclassInstance\"\n    \"__dataclass_fields__\" is defined as a ClassVar in protocol",
	"source": "Pylance",
	"startLineNumber": 93,
	"startColumn": 20,
	"endLineNumber": 93,
	"endColumn": 35,
	"modelVersionId": 1,
	"origin": "extHost1"
},{
	"resource": "/f:/Brain-5D/src/utils/run_artifacts.py",
	"owner": "Pylance",
	"code": {
		"value": "reportOptionalMemberAccess",
		"target": {
			"$mid": 1,
			"path": "/microsoft/pylance-release/blob/main/docs/diagnostics/reportOptionalMemberAccess.md",
			"scheme": "https",
			"authority": "github.com"
		}
	},
	"severity": 8,
	"message": "\"write\" is not a known attribute of \"None\"",
	"source": "Pylance",
	"startLineNumber": 97,
	"startColumn": 31,
	"endLineNumber": 97,
	"endColumn": 36,
	"modelVersionId": 1,
	"origin": "extHost1"
},{
	"resource": "/f:/Brain-5D/src/utils/run_artifacts.py",
	"owner": "Pylance",
	"code": {
		"value": "reportUnknownMemberType",
		"target": {
			"$mid": 1,
			"path": "/microsoft/pylance-release/blob/main/docs/diagnostics/reportUnknownMemberType.md",
			"scheme": "https",
			"authority": "github.com"
		}
	},
	"severity": 8,
	"message": "Type of \"summary\" is partially unknown\n  Type of \"summary\" is \"dict[Unknown, Unknown]\"",
	"source": "Pylance",
	"startLineNumber": 103,
	"startColumn": 9,
	"endLineNumber": 103,
	"endColumn": 21,
	"modelVersionId": 1,
	"origin": "extHost1"
},{
	"resource": "/f:/Brain-5D/src/utils/run_artifacts.py",
	"owner": "Pylance",
	"code": {
		"value": "reportUnknownMemberType",
		"target": {
			"$mid": 1,
			"path": "/microsoft/pylance-release/blob/main/docs/diagnostics/reportUnknownMemberType.md",
			"scheme": "https",
			"authority": "github.com"
		}
	},
	"severity": 8,
	"message": "Type of \"update\" is partially unknown\n  Type of \"update\" is \"Overload[(m: SupportsKeysAndGetItem[Unknown, Unknown], /) -> None, (m: SupportsKeysAndGetItem[str, Unknown], /, **kwargs: Unknown) -> None, (m: Iterable[tuple[Unknown, Unknown]], /) -> None, (m: Iterable[tuple[str, Unknown]], /, **kwargs: Unknown) -> None, (**kwargs: Unknown) -> None]\"",
	"source": "Pylance",
	"startLineNumber": 103,
	"startColumn": 9,
	"endLineNumber": 103,
	"endColumn": 28,
	"modelVersionId": 1,
	"origin": "extHost1"
},{
	"resource": "/f:/Brain-5D/src/telemetry/spike_history.py",
	"owner": "Pylance",
	"code": {
		"value": "reportUnknownMemberType",
		"target": {
			"$mid": 1,
			"path": "/microsoft/pylance-release/blob/main/docs/diagnostics/reportUnknownMemberType.md",
			"scheme": "https",
			"authority": "github.com"
		}
	},
	"severity": 8,
	"message": "Type of \"data\" is partially unknown\n  Type of \"data\" is \"deque[Unknown]\"",
	"source": "Pylance",
	"startLineNumber": 14,
	"startColumn": 9,
	"endLineNumber": 14,
	"endColumn": 18,
	"modelVersionId": 1,
	"origin": "extHost1"
},{
	"resource": "/f:/Brain-5D/src/telemetry/spike_history.py",
	"owner": "Pylance",
	"code": {
		"value": "reportUnknownMemberType",
		"target": {
			"$mid": 1,
			"path": "/microsoft/pylance-release/blob/main/docs/diagnostics/reportUnknownMemberType.md",
			"scheme": "https",
			"authority": "github.com"
		}
	},
	"severity": 8,
	"message": "Type of \"data\" is partially unknown\n  Type of \"data\" is \"deque[Unknown]\"",
	"source": "Pylance",
	"startLineNumber": 17,
	"startColumn": 9,
	"endLineNumber": 17,
	"endColumn": 18,
	"modelVersionId": 1,
	"origin": "extHost1"
},{
	"resource": "/f:/Brain-5D/src/telemetry/spike_history.py",
	"owner": "Pylance",
	"code": {
		"value": "reportUnknownMemberType",
		"target": {
			"$mid": 1,
			"path": "/microsoft/pylance-release/blob/main/docs/diagnostics/reportUnknownMemberType.md",
			"scheme": "https",
			"authority": "github.com"
		}
	},
	"severity": 8,
	"message": "Type of \"append\" is partially unknown\n  Type of \"append\" is \"(x: Unknown, /) -> None\"",
	"source": "Pylance",
	"startLineNumber": 17,
	"startColumn": 9,
	"endLineNumber": 17,
	"endColumn": 25,
	"modelVersionId": 1,
	"origin": "extHost1"
},{
	"resource": "/f:/Brain-5D/src/telemetry/spike_history.py",
	"owner": "Pylance",
	"code": {
		"value": "reportUnknownParameterType",
		"target": {
			"$mid": 1,
			"path": "/microsoft/pylance-release/blob/main/docs/diagnostics/reportUnknownParameterType.md",
			"scheme": "https",
			"authority": "github.com"
		}
	},
	"severity": 8,
	"message": "Return type, \"list[Unknown]\", is partially unknown",
	"source": "Pylance",
	"startLineNumber": 19,
	"startColumn": 9,
	"endLineNumber": 19,
	"endColumn": 19,
	"modelVersionId": 1,
	"origin": "extHost1"
},{
	"resource": "/f:/Brain-5D/src/telemetry/spike_history.py",
	"owner": "Pylance",
	"code": {
		"value": "reportUnknownVariableType",
		"target": {
			"$mid": 1,
			"path": "/microsoft/pylance-release/blob/main/docs/diagnostics/reportUnknownVariableType.md",
			"scheme": "https",
			"authority": "github.com"
		}
	},
	"severity": 8,
	"message": "Return type, \"list[Unknown]\", is partially unknown",
	"source": "Pylance",
	"startLineNumber": 20,
	"startColumn": 16,
	"endLineNumber": 20,
	"endColumn": 31,
	"modelVersionId": 1,
	"origin": "extHost1"
},{
	"resource": "/f:/Brain-5D/src/telemetry/spike_history.py",
	"owner": "Pylance",
	"code": {
		"value": "reportUnknownMemberType",
		"target": {
			"$mid": 1,
			"path": "/microsoft/pylance-release/blob/main/docs/diagnostics/reportUnknownMemberType.md",
			"scheme": "https",
			"authority": "github.com"
		}
	},
	"severity": 8,
	"message": "Type of \"data\" is partially unknown\n  Type of \"data\" is \"deque[Unknown]\"",
	"source": "Pylance",
	"startLineNumber": 20,
	"startColumn": 21,
	"endLineNumber": 20,
	"endColumn": 30,
	"modelVersionId": 1,
	"origin": "extHost1"
},{
	"resource": "/f:/Brain-5D/src/telemetry/spike_history.py",
	"owner": "Pylance",
	"code": {
		"value": "reportUnknownArgumentType",
		"target": {
			"$mid": 1,
			"path": "/microsoft/pylance-release/blob/main/docs/diagnostics/reportUnknownArgumentType.md",
			"scheme": "https",
			"authority": "github.com"
		}
	},
	"severity": 8,
	"message": "Argument type is partially unknown\n  Argument corresponds to parameter \"iterable\" in function \"__init__\"\n  Argument type is \"deque[Unknown]\"",
	"source": "Pylance",
	"startLineNumber": 20,
	"startColumn": 21,
	"endLineNumber": 20,
	"endColumn": 30,
	"modelVersionId": 1,
	"origin": "extHost1"
},{
	"resource": "/f:/Brain-5D/src/telemetry/spike_history.py",
	"owner": "Pylance",
	"code": {
		"value": "reportUnknownVariableType",
		"target": {
			"$mid": 1,
			"path": "/microsoft/pylance-release/blob/main/docs/diagnostics/reportUnknownVariableType.md",
			"scheme": "https",
			"authority": "github.com"
		}
	},
	"severity": 8,
	"message": "Type of \"frame\" is unknown",
	"source": "Pylance",
	"startLineNumber": 23,
	"startColumn": 13,
	"endLineNumber": 23,
	"endColumn": 18,
	"modelVersionId": 1,
	"origin": "extHost1"
},{
	"resource": "/f:/Brain-5D/src/telemetry/spike_history.py",
	"owner": "Pylance",
	"code": {
		"value": "reportUnknownMemberType",
		"target": {
			"$mid": 1,
			"path": "/microsoft/pylance-release/blob/main/docs/diagnostics/reportUnknownMemberType.md",
			"scheme": "https",
			"authority": "github.com"
		}
	},
	"severity": 8,
	"message": "Type of \"data\" is partially unknown\n  Type of \"data\" is \"deque[Unknown]\"",
	"source": "Pylance",
	"startLineNumber": 23,
	"startColumn": 22,
	"endLineNumber": 23,
	"endColumn": 31,
	"modelVersionId": 1,
	"origin": "extHost1"
},{
	"resource": "/f:/Brain-5D/src/telemetry/spike_history.py",
	"owner": "Pylance",
	"code": {
		"value": "reportUnknownMemberType",
		"target": {
			"$mid": 1,
			"path": "/microsoft/pylance-release/blob/main/docs/diagnostics/reportUnknownMemberType.md",
			"scheme": "https",
			"authority": "github.com"
		}
	},
	"severity": 8,
	"message": "Type of \"tick\" is unknown",
	"source": "Pylance",
	"startLineNumber": 24,
	"startColumn": 16,
	"endLineNumber": 24,
	"endColumn": 26,
	"modelVersionId": 1,
	"origin": "extHost1"
},{
	"resource": "/f:/Brain-5D/src/telemetry/spike_history.py",
	"owner": "Pylance",
	"code": {
		"value": "reportUnknownMemberType",
		"target": {
			"$mid": 1,
			"path": "/microsoft/pylance-release/blob/main/docs/diagnostics/reportUnknownMemberType.md",
			"scheme": "https",
			"authority": "github.com"
		}
	},
	"severity": 8,
	"message": "Type of \"neuron_ids\" is unknown",
	"source": "Pylance",
	"startLineNumber": 25,
	"startColumn": 24,
	"endLineNumber": 25,
	"endColumn": 40,
	"modelVersionId": 1,
	"origin": "extHost1"
},{
	"resource": "/f:/Brain-5D/src/telemetry/spike_history.py",
	"owner": "Pylance",
	"code": {
		"value": "reportUnknownVariableType",
		"target": {
			"$mid": 1,
			"path": "/microsoft/pylance-release/blob/main/docs/diagnostics/reportUnknownVariableType.md",
			"scheme": "https",
			"authority": "github.com"
		}
	},
	"severity": 8,
	"message": "Return type is unknown",
	"source": "Pylance",
	"startLineNumber": 25,
	"startColumn": 24,
	"endLineNumber": 25,
	"endColumn": 40,
	"modelVersionId": 1,
	"origin": "extHost1"
},{
	"resource": "/f:/Brain-5D/src/telemetry/probes.py",
	"owner": "Pylance",
	"code": {
		"value": "reportUnknownParameterType",
		"target": {
			"$mid": 1,
			"path": "/microsoft/pylance-release/blob/main/docs/diagnostics/reportUnknownParameterType.md",
			"scheme": "https",
			"authority": "github.com"
		}
	},
	"severity": 8,
	"message": "Type of parameter \"network\" is unknown",
	"source": "Pylance",
	"startLineNumber": 5,
	"startColumn": 24,
	"endLineNumber": 5,
	"endColumn": 31,
	"modelVersionId": 1,
	"origin": "extHost1"
},{
	"resource": "/f:/Brain-5D/src/telemetry/probes.py",
	"owner": "Pylance",
	"code": {
		"value": "reportMissingParameterType",
		"target": {
			"$mid": 1,
			"path": "/microsoft/pylance-release/blob/main/docs/diagnostics/reportMissingParameterType.md",
			"scheme": "https",
			"authority": "github.com"
		}
	},
	"severity": 8,
	"message": "Type annotation is missing for parameter \"network\"",
	"source": "Pylance",
	"startLineNumber": 5,
	"startColumn": 24,
	"endLineNumber": 5,
	"endColumn": 31,
	"modelVersionId": 1,
	"origin": "extHost1"
},{
	"resource": "/f:/Brain-5D/src/telemetry/probes.py",
	"owner": "Pylance",
	"code": {
		"value": "reportUnknownParameterType",
		"target": {
			"$mid": 1,
			"path": "/microsoft/pylance-release/blob/main/docs/diagnostics/reportUnknownParameterType.md",
			"scheme": "https",
			"authority": "github.com"
		}
	},
	"severity": 8,
	"message": "Type of parameter \"config\" is partially unknown\n  Parameter type is \"Unknown | None\"",
	"source": "Pylance",
	"startLineNumber": 5,
	"startColumn": 33,
	"endLineNumber": 5,
	"endColumn": 39,
	"modelVersionId": 1,
	"origin": "extHost1"
},{
	"resource": "/f:/Brain-5D/src/telemetry/probes.py",
	"owner": "Pylance",
	"code": {
		"value": "reportMissingParameterType",
		"target": {
			"$mid": 1,
			"path": "/microsoft/pylance-release/blob/main/docs/diagnostics/reportMissingParameterType.md",
			"scheme": "https",
			"authority": "github.com"
		}
	},
	"severity": 8,
	"message": "Type annotation is missing for parameter \"config\"",
	"source": "Pylance",
	"startLineNumber": 5,
	"startColumn": 33,
	"endLineNumber": 5,
	"endColumn": 39,
	"modelVersionId": 1,
	"origin": "extHost1"
},{
	"resource": "/f:/Brain-5D/src/telemetry/probes.py",
	"owner": "Pylance",
	"code": {
		"value": "reportUnknownMemberType",
		"target": {
			"$mid": 1,
			"path": "/microsoft/pylance-release/blob/main/docs/diagnostics/reportUnknownMemberType.md",
			"scheme": "https",
			"authority": "github.com"
		}
	},
	"severity": 8,
	"message": "Type of \"neurons\" is unknown",
	"source": "Pylance",
	"startLineNumber": 10,
	"startColumn": 25,
	"endLineNumber": 10,
	"endColumn": 45,
	"modelVersionId": 1,
	"origin": "extHost1"
},{
	"resource": "/f:/Brain-5D/src/telemetry/probes.py",
	"owner": "Pylance",
	"code": {
		"value": "reportUnknownParameterType",
		"target": {
			"$mid": 1,
			"path": "/microsoft/pylance-release/blob/main/docs/diagnostics/reportUnknownParameterType.md",
			"scheme": "https",
			"authority": "github.com"
		}
	},
	"severity": 8,
	"message": "Return type, \"dict[Unknown, Unknown]\", is partially unknown",
	"source": "Pylance",
	"startLineNumber": 17,
	"startColumn": 9,
	"endLineNumber": 17,
	"endColumn": 23,
	"modelVersionId": 1,
	"origin": "extHost1"
},{
	"resource": "/f:/Brain-5D/src/telemetry/probes.py",
	"owner": "Pylance",
	"code": {
		"value": "reportMissingTypeArgument",
		"target": {
			"$mid": 1,
			"path": "/microsoft/pylance-release/blob/main/docs/diagnostics/reportMissingTypeArgument.md",
			"scheme": "https",
			"authority": "github.com"
		}
	},
	"severity": 8,
	"message": "Expected type arguments for generic class \"dict\"",
	"source": "Pylance",
	"startLineNumber": 17,
	"startColumn": 49,
	"endLineNumber": 17,
	"endColumn": 53,
	"modelVersionId": 1,
	"origin": "extHost1"
},{
	"resource": "/f:/Brain-5D/src/telemetry/probes.py",
	"owner": "Pylance",
	"code": {
		"value": "reportUnknownVariableType",
		"target": {
			"$mid": 1,
			"path": "/microsoft/pylance-release/blob/main/docs/diagnostics/reportUnknownVariableType.md",
			"scheme": "https",
			"authority": "github.com"
		}
	},
	"severity": 8,
	"message": "Type of \"neuron\" is unknown",
	"source": "Pylance",
	"startLineNumber": 18,
	"startColumn": 9,
	"endLineNumber": 18,
	"endColumn": 15,
	"modelVersionId": 1,
	"origin": "extHost1"
},{
	"resource": "/f:/Brain-5D/src/telemetry/probes.py",
	"owner": "Pylance",
	"code": {
		"value": "reportUnknownMemberType",
		"target": {
			"$mid": 1,
			"path": "/microsoft/pylance-release/blob/main/docs/diagnostics/reportUnknownMemberType.md",
			"scheme": "https",
			"authority": "github.com"
		}
	},
	"severity": 8,
	"message": "Type of \"neurons\" is unknown",
	"source": "Pylance",
	"startLineNumber": 18,
	"startColumn": 18,
	"endLineNumber": 18,
	"endColumn": 38,
	"modelVersionId": 1,
	"origin": "extHost1"
},{
	"resource": "/f:/Brain-5D/src/telemetry/probes.py",
	"owner": "Pylance",
	"code": {
		"value": "reportUnknownMemberType",
		"target": {
			"$mid": 1,
			"path": "/microsoft/pylance-release/blob/main/docs/diagnostics/reportUnknownMemberType.md",
			"scheme": "https",
			"authority": "github.com"
		}
	},
	"severity": 8,
	"message": "Type of \"get\" is unknown",
	"source": "Pylance",
	"startLineNumber": 18,
	"startColumn": 18,
	"endLineNumber": 18,
	"endColumn": 42,
	"modelVersionId": 1,
	"origin": "extHost1"
},{
	"resource": "/f:/Brain-5D/src/telemetry/probes.py",
	"owner": "Pylance",
	"code": {
		"value": "reportUnknownVariableType",
		"target": {
			"$mid": 1,
			"path": "/microsoft/pylance-release/blob/main/docs/diagnostics/reportUnknownVariableType.md",
			"scheme": "https",
			"authority": "github.com"
		}
	},
	"severity": 8,
	"message": "Return type, \"dict[Unknown, Unknown]\", is partially unknown",
	"source": "Pylance",
	"startLineNumber": 20,
	"startColumn": 20,
	"endLineNumber": 20,
	"endColumn": 22,
	"modelVersionId": 1,
	"origin": "extHost1"
},{
	"resource": "/f:/Brain-5D/src/telemetry/probes.py",
	"owner": "Pylance",
	"code": {
		"value": "reportUnknownVariableType",
		"target": {
			"$mid": 1,
			"path": "/microsoft/pylance-release/blob/main/docs/diagnostics/reportUnknownVariableType.md",
			"scheme": "https",
			"authority": "github.com"
		}
	},
	"severity": 8,
	"message": "Return type, \"dict[Unknown, Unknown]\", is partially unknown",
	"source": "Pylance",
	"startLineNumber": 21,
	"startColumn": 16,
	"endLineNumber": 33,
	"endColumn": 10,
	"modelVersionId": 1,
	"origin": "extHost1"
},{
	"resource": "/f:/Brain-5D/src/telemetry/probes.py",
	"owner": "Pylance",
	"code": {
		"value": "reportUnknownMemberType",
		"target": {
			"$mid": 1,
			"path": "/microsoft/pylance-release/blob/main/docs/diagnostics/reportUnknownMemberType.md",
			"scheme": "https",
			"authority": "github.com"
		}
	},
	"severity": 8,
	"message": "Type of \"v\" is unknown",
	"source": "Pylance",
	"startLineNumber": 24,
	"startColumn": 18,
	"endLineNumber": 24,
	"endColumn": 26,
	"modelVersionId": 1,
	"origin": "extHost1"
},{
	"resource": "/f:/Brain-5D/src/telemetry/probes.py",
	"owner": "Pylance",
	"code": {
		"value": "reportUnknownMemberType",
		"target": {
			"$mid": 1,
			"path": "/microsoft/pylance-release/blob/main/docs/diagnostics/reportUnknownMemberType.md",
			"scheme": "https",
			"authority": "github.com"
		}
	},
	"severity": 8,
	"message": "Type of \"u\" is unknown",
	"source": "Pylance",
	"startLineNumber": 25,
	"startColumn": 18,
	"endLineNumber": 25,
	"endColumn": 26,
	"modelVersionId": 1,
	"origin": "extHost1"
},{
	"resource": "/f:/Brain-5D/src/telemetry/probes.py",
	"owner": "Pylance",
	"code": {
		"value": "reportUnknownMemberType",
		"target": {
			"$mid": 1,
			"path": "/microsoft/pylance-release/blob/main/docs/diagnostics/reportUnknownMemberType.md",
			"scheme": "https",
			"authority": "github.com"
		}
	},
	"severity": 8,
	"message": "Type of \"energy\" is unknown",
	"source": "Pylance",
	"startLineNumber": 26,
	"startColumn": 23,
	"endLineNumber": 26,
	"endColumn": 36,
	"modelVersionId": 1,
	"origin": "extHost1"
},{
	"resource": "/f:/Brain-5D/src/telemetry/probes.py",
	"owner": "Pylance",
	"code": {
		"value": "reportUnknownMemberType",
		"target": {
			"$mid": 1,
			"path": "/microsoft/pylance-release/blob/main/docs/diagnostics/reportUnknownMemberType.md",
			"scheme": "https",
			"authority": "github.com"
		}
	},
	"severity": 8,
	"message": "Type of \"spike_counter\" is unknown",
	"source": "Pylance",
	"startLineNumber": 27,
	"startColumn": 30,
	"endLineNumber": 27,
	"endColumn": 50,
	"modelVersionId": 1,
	"origin": "extHost1"
},{
	"resource": "/f:/Brain-5D/src/telemetry/probes.py",
	"owner": "Pylance",
	"code": {
		"value": "reportUnknownMemberType",
		"target": {
			"$mid": 1,
			"path": "/microsoft/pylance-release/blob/main/docs/diagnostics/reportUnknownMemberType.md",
			"scheme": "https",
			"authority": "github.com"
		}
	},
	"severity": 8,
	"message": "Type of \"last_spike_tick\" is unknown",
	"source": "Pylance",
	"startLineNumber": 28,
	"startColumn": 32,
	"endLineNumber": 28,
	"endColumn": 54,
	"modelVersionId": 1,
	"origin": "extHost1"
},{
	"resource": "/f:/Brain-5D/src/telemetry/probes.py",
	"owner": "Pylance",
	"code": {
		"value": "reportUnknownMemberType",
		"target": {
			"$mid": 1,
			"path": "/microsoft/pylance-release/blob/main/docs/diagnostics/reportUnknownMemberType.md",
			"scheme": "https",
			"authority": "github.com"
		}
	},
	"severity": 8,
	"message": "Type of \"in_degree\" is unknown",
	"source": "Pylance",
	"startLineNumber": 29,
	"startColumn": 25,
	"endLineNumber": 29,
	"endColumn": 47,
	"modelVersionId": 1,
	"origin": "extHost1"
},{
	"resource": "/f:/Brain-5D/src/telemetry/probes.py",
	"owner": "Pylance",
	"code": {
		"value": "reportUnknownMemberType",
		"target": {
			"$mid": 1,
			"path": "/microsoft/pylance-release/blob/main/docs/diagnostics/reportUnknownMemberType.md",
			"scheme": "https",
			"authority": "github.com"
		}
	},
	"severity": 8,
	"message": "Type of \"get\" is unknown",
	"source": "Pylance",
	"startLineNumber": 29,
	"startColumn": 25,
	"endLineNumber": 29,
	"endColumn": 51,
	"modelVersionId": 1,
	"origin": "extHost1"
},{
	"resource": "/f:/Brain-5D/src/telemetry/probes.py",
	"owner": "Pylance",
	"code": {
		"value": "reportUnknownMemberType",
		"target": {
			"$mid": 1,
			"path": "/microsoft/pylance-release/blob/main/docs/diagnostics/reportUnknownMemberType.md",
			"scheme": "https",
			"authority": "github.com"
		}
	},
	"severity": 8,
	"message": "Type of \"synapses\" is unknown",
	"source": "Pylance",
	"startLineNumber": 30,
	"startColumn": 29,
	"endLineNumber": 30,
	"endColumn": 50,
	"modelVersionId": 1,
	"origin": "extHost1"
},{
	"resource": "/f:/Brain-5D/src/telemetry/probes.py",
	"owner": "Pylance",
	"code": {
		"value": "reportUnknownMemberType",
		"target": {
			"$mid": 1,
			"path": "/microsoft/pylance-release/blob/main/docs/diagnostics/reportUnknownMemberType.md",
			"scheme": "https",
			"authority": "github.com"
		}
	},
	"severity": 8,
	"message": "Type of \"get\" is unknown",
	"source": "Pylance",
	"startLineNumber": 30,
	"startColumn": 29,
	"endLineNumber": 30,
	"endColumn": 54,
	"modelVersionId": 1,
	"origin": "extHost1"
},{
	"resource": "/f:/Brain-5D/src/telemetry/probes.py",
	"owner": "Pylance",
	"code": {
		"value": "reportUnknownArgumentType",
		"target": {
			"$mid": 1,
			"path": "/microsoft/pylance-release/blob/main/docs/diagnostics/reportUnknownArgumentType.md",
			"scheme": "https",
			"authority": "github.com"
		}
	},
	"severity": 8,
	"message": "Argument type is unknown\n  Argument corresponds to parameter \"obj\" in function \"len\"",
	"source": "Pylance",
	"startLineNumber": 30,
	"startColumn": 29,
	"endLineNumber": 30,
	"endColumn": 69,
	"modelVersionId": 1,
	"origin": "extHost1"
},{
	"resource": "/f:/Brain-5D/src/telemetry/probes.py",
	"owner": "Pylance",
	"code": {
		"value": "reportUnknownMemberType",
		"target": {
			"$mid": 1,
			"path": "/microsoft/pylance-release/blob/main/docs/diagnostics/reportUnknownMemberType.md",
			"scheme": "https",
			"authority": "github.com"
		}
	},
	"severity": 8,
	"message": "Type of \"last_external_current\" is unknown",
	"source": "Pylance",
	"startLineNumber": 31,
	"startColumn": 38,
	"endLineNumber": 31,
	"endColumn": 66,
	"modelVersionId": 1,
	"origin": "extHost1"
},{
	"resource": "/f:/Brain-5D/src/telemetry/probes.py",
	"owner": "Pylance",
	"code": {
		"value": "reportUnknownMemberType",
		"target": {
			"$mid": 1,
			"path": "/microsoft/pylance-release/blob/main/docs/diagnostics/reportUnknownMemberType.md",
			"scheme": "https",
			"authority": "github.com"
		}
	},
	"severity": 8,
	"message": "Type of \"last_synaptic_current\" is unknown",
	"source": "Pylance",
	"startLineNumber": 32,
	"startColumn": 38,
	"endLineNumber": 32,
	"endColumn": 66,
	"modelVersionId": 1,
	"origin": "extHost1"
},{
	"resource": "/f:/Brain-5D/src/telemetry/history.py",
	"owner": "Pylance",
	"code": {
		"value": "reportUnknownMemberType",
		"target": {
			"$mid": 1,
			"path": "/microsoft/pylance-release/blob/main/docs/diagnostics/reportUnknownMemberType.md",
			"scheme": "https",
			"authority": "github.com"
		}
	},
	"severity": 8,
	"message": "Type of \"data\" is partially unknown\n  Type of \"data\" is \"deque[Unknown]\"",
	"source": "Pylance",
	"startLineNumber": 6,
	"startColumn": 9,
	"endLineNumber": 6,
	"endColumn": 18,
	"modelVersionId": 1,
	"origin": "extHost1"
},{
	"resource": "/f:/Brain-5D/src/telemetry/history.py",
	"owner": "Pylance",
	"code": {
		"value": "reportUnknownParameterType",
		"target": {
			"$mid": 1,
			"path": "/microsoft/pylance-release/blob/main/docs/diagnostics/reportUnknownParameterType.md",
			"scheme": "https",
			"authority": "github.com"
		}
	},
	"severity": 8,
	"message": "Type of parameter \"result\" is unknown",
	"source": "Pylance",
	"startLineNumber": 8,
	"startColumn": 38,
	"endLineNumber": 8,
	"endColumn": 44,
	"modelVersionId": 1,
	"origin": "extHost1"
},{
	"resource": "/f:/Brain-5D/src/telemetry/history.py",
	"owner": "Pylance",
	"code": {
		"value": "reportMissingParameterType",
		"target": {
			"$mid": 1,
			"path": "/microsoft/pylance-release/blob/main/docs/diagnostics/reportMissingParameterType.md",
			"scheme": "https",
			"authority": "github.com"
		}
	},
	"severity": 8,
	"message": "Type annotation is missing for parameter \"result\"",
	"source": "Pylance",
	"startLineNumber": 8,
	"startColumn": 38,
	"endLineNumber": 8,
	"endColumn": 44,
	"modelVersionId": 1,
	"origin": "extHost1"
},{
	"resource": "/f:/Brain-5D/src/telemetry/history.py",
	"owner": "Pylance",
	"code": {
		"value": "reportUnknownMemberType",
		"target": {
			"$mid": 1,
			"path": "/microsoft/pylance-release/blob/main/docs/diagnostics/reportUnknownMemberType.md",
			"scheme": "https",
			"authority": "github.com"
		}
	},
	"severity": 8,
	"message": "Type of \"data\" is partially unknown\n  Type of \"data\" is \"deque[Unknown]\"",
	"source": "Pylance",
	"startLineNumber": 9,
	"startColumn": 9,
	"endLineNumber": 9,
	"endColumn": 18,
	"modelVersionId": 1,
	"origin": "extHost1"
},{
	"resource": "/f:/Brain-5D/src/telemetry/history.py",
	"owner": "Pylance",
	"code": {
		"value": "reportUnknownMemberType",
		"target": {
			"$mid": 1,
			"path": "/microsoft/pylance-release/blob/main/docs/diagnostics/reportUnknownMemberType.md",
			"scheme": "https",
			"authority": "github.com"
		}
	},
	"severity": 8,
	"message": "Type of \"append\" is partially unknown\n  Type of \"append\" is \"(x: Unknown, /) -> None\"",
	"source": "Pylance",
	"startLineNumber": 9,
	"startColumn": 9,
	"endLineNumber": 9,
	"endColumn": 25,
	"modelVersionId": 1,
	"origin": "extHost1"
},{
	"resource": "/f:/Brain-5D/src/telemetry/history.py",
	"owner": "Pylance",
	"code": {
		"value": "reportUnknownMemberType",
		"target": {
			"$mid": 1,
			"path": "/microsoft/pylance-release/blob/main/docs/diagnostics/reportUnknownMemberType.md",
			"scheme": "https",
			"authority": "github.com"
		}
	},
	"severity": 8,
	"message": "Type of \"tick\" is unknown",
	"source": "Pylance",
	"startLineNumber": 11,
	"startColumn": 25,
	"endLineNumber": 11,
	"endColumn": 36,
	"modelVersionId": 1,
	"origin": "extHost1"
},{
	"resource": "/f:/Brain-5D/src/telemetry/history.py",
	"owner": "Pylance",
	"code": {
		"value": "reportUnknownMemberType",
		"target": {
			"$mid": 1,
			"path": "/microsoft/pylance-release/blob/main/docs/diagnostics/reportUnknownMemberType.md",
			"scheme": "https",
			"authority": "github.com"
		}
	},
	"severity": 8,
	"message": "Type of \"spikes_this_tick\" is unknown",
	"source": "Pylance",
	"startLineNumber": 12,
	"startColumn": 37,
	"endLineNumber": 12,
	"endColumn": 60,
	"modelVersionId": 1,
	"origin": "extHost1"
},{
	"resource": "/f:/Brain-5D/src/telemetry/history.py",
	"owner": "Pylance",
	"code": {
		"value": "reportUnknownMemberType",
		"target": {
			"$mid": 1,
			"path": "/microsoft/pylance-release/blob/main/docs/diagnostics/reportUnknownMemberType.md",
			"scheme": "https",
			"authority": "github.com"
		}
	},
	"severity": 8,
	"message": "Type of \"total_spikes\" is unknown",
	"source": "Pylance",
	"startLineNumber": 13,
	"startColumn": 33,
	"endLineNumber": 13,
	"endColumn": 52,
	"modelVersionId": 1,
	"origin": "extHost1"
},{
	"resource": "/f:/Brain-5D/src/telemetry/history.py",
	"owner": "Pylance",
	"code": {
		"value": "reportUnknownMemberType",
		"target": {
			"$mid": 1,
			"path": "/microsoft/pylance-release/blob/main/docs/diagnostics/reportUnknownMemberType.md",
			"scheme": "https",
			"authority": "github.com"
		}
	},
	"severity": 8,
	"message": "Type of \"mean_v\" is unknown",
	"source": "Pylance",
	"startLineNumber": 14,
	"startColumn": 27,
	"endLineNumber": 14,
	"endColumn": 40,
	"modelVersionId": 1,
	"origin": "extHost1"
},{
	"resource": "/f:/Brain-5D/src/telemetry/history.py",
	"owner": "Pylance",
	"code": {
		"value": "reportUnknownMemberType",
		"target": {
			"$mid": 1,
			"path": "/microsoft/pylance-release/blob/main/docs/diagnostics/reportUnknownMemberType.md",
			"scheme": "https",
			"authority": "github.com"
		}
	},
	"severity": 8,
	"message": "Type of \"min_v\" is unknown",
	"source": "Pylance",
	"startLineNumber": 15,
	"startColumn": 26,
	"endLineNumber": 15,
	"endColumn": 38,
	"modelVersionId": 1,
	"origin": "extHost1"
},{
	"resource": "/f:/Brain-5D/src/telemetry/history.py",
	"owner": "Pylance",
	"code": {
		"value": "reportUnknownMemberType",
		"target": {
			"$mid": 1,
			"path": "/microsoft/pylance-release/blob/main/docs/diagnostics/reportUnknownMemberType.md",
			"scheme": "https",
			"authority": "github.com"
		}
	},
	"severity": 8,
	"message": "Type of \"max_v\" is unknown",
	"source": "Pylance",
	"startLineNumber": 16,
	"startColumn": 26,
	"endLineNumber": 16,
	"endColumn": 38,
	"modelVersionId": 1,
	"origin": "extHost1"
},{
	"resource": "/f:/Brain-5D/src/telemetry/history.py",
	"owner": "Pylance",
	"code": {
		"value": "reportUnknownMemberType",
		"target": {
			"$mid": 1,
			"path": "/microsoft/pylance-release/blob/main/docs/diagnostics/reportUnknownMemberType.md",
			"scheme": "https",
			"authority": "github.com"
		}
	},
	"severity": 8,
	"message": "Type of \"mean_energy\" is unknown",
	"source": "Pylance",
	"startLineNumber": 17,
	"startColumn": 32,
	"endLineNumber": 17,
	"endColumn": 50,
	"modelVersionId": 1,
	"origin": "extHost1"
},{
	"resource": "/f:/Brain-5D/src/telemetry/history.py",
	"owner": "Pylance",
	"code": {
		"value": "reportUnknownMemberType",
		"target": {
			"$mid": 1,
			"path": "/microsoft/pylance-release/blob/main/docs/diagnostics/reportUnknownMemberType.md",
			"scheme": "https",
			"authority": "github.com"
		}
	},
	"severity": 8,
	"message": "Type of \"queued_events\" is unknown",
	"source": "Pylance",
	"startLineNumber": 18,
	"startColumn": 34,
	"endLineNumber": 18,
	"endColumn": 54,
	"modelVersionId": 1,
	"origin": "extHost1"
},{
	"resource": "/f:/Brain-5D/src/telemetry/history.py",
	"owner": "Pylance",
	"code": {
		"value": "reportUnknownMemberType",
		"target": {
			"$mid": 1,
			"path": "/microsoft/pylance-release/blob/main/docs/diagnostics/reportUnknownMemberType.md",
			"scheme": "https",
			"authority": "github.com"
		}
	},
	"severity": 8,
	"message": "Type of \"delivered_events\" is unknown",
	"source": "Pylance",
	"startLineNumber": 19,
	"startColumn": 37,
	"endLineNumber": 19,
	"endColumn": 60,
	"modelVersionId": 1,
	"origin": "extHost1"
},{
	"resource": "/f:/Brain-5D/src/telemetry/history.py",
	"owner": "Pylance",
	"code": {
		"value": "reportUnknownMemberType",
		"target": {
			"$mid": 1,
			"path": "/microsoft/pylance-release/blob/main/docs/diagnostics/reportUnknownMemberType.md",
			"scheme": "https",
			"authority": "github.com"
		}
	},
	"severity": 8,
	"message": "Type of \"external_injection_count\" is unknown",
	"source": "Pylance",
	"startLineNumber": 20,
	"startColumn": 37,
	"endLineNumber": 20,
	"endColumn": 68,
	"modelVersionId": 1,
	"origin": "extHost1"
},{
	"resource": "/f:/Brain-5D/src/telemetry/history.py",
	"owner": "Pylance",
	"code": {
		"value": "reportUnknownMemberType",
		"target": {
			"$mid": 1,
			"path": "/microsoft/pylance-release/blob/main/docs/diagnostics/reportUnknownMemberType.md",
			"scheme": "https",
			"authority": "github.com"
		}
	},
	"severity": 8,
	"message": "Type of \"external_total_current\" is unknown",
	"source": "Pylance",
	"startLineNumber": 21,
	"startColumn": 43,
	"endLineNumber": 21,
	"endColumn": 72,
	"modelVersionId": 1,
	"origin": "extHost1"
},{
	"resource": "/f:/Brain-5D/src/telemetry/history.py",
	"owner": "Pylance",
	"code": {
		"value": "reportUnknownMemberType",
		"target": {
			"$mid": 1,
			"path": "/microsoft/pylance-release/blob/main/docs/diagnostics/reportUnknownMemberType.md",
			"scheme": "https",
			"authority": "github.com"
		}
	},
	"severity": 8,
	"message": "Type of \"synaptic_current_targets\" is unknown",
	"source": "Pylance",
	"startLineNumber": 22,
	"startColumn": 37,
	"endLineNumber": 22,
	"endColumn": 68,
	"modelVersionId": 1,
	"origin": "extHost1"
},{
	"resource": "/f:/Brain-5D/src/telemetry/history.py",
	"owner": "Pylance",
	"code": {
		"value": "reportUnknownMemberType",
		"target": {
			"$mid": 1,
			"path": "/microsoft/pylance-release/blob/main/docs/diagnostics/reportUnknownMemberType.md",
			"scheme": "https",
			"authority": "github.com"
		}
	},
	"severity": 8,
	"message": "Type of \"core_step_ms\" is unknown",
	"source": "Pylance",
	"startLineNumber": 23,
	"startColumn": 33,
	"endLineNumber": 23,
	"endColumn": 52,
	"modelVersionId": 1,
	"origin": "extHost1"
},{
	"resource": "/f:/Brain-5D/src/telemetry/history.py",
	"owner": "Pylance",
	"code": {
		"value": "reportUnknownParameterType",
		"target": {
			"$mid": 1,
			"path": "/microsoft/pylance-release/blob/main/docs/diagnostics/reportUnknownParameterType.md",
			"scheme": "https",
			"authority": "github.com"
		}
	},
	"severity": 8,
	"message": "Return type, \"list[Unknown]\", is partially unknown",
	"source": "Pylance",
	"startLineNumber": 27,
	"startColumn": 9,
	"endLineNumber": 27,
	"endColumn": 16,
	"modelVersionId": 1,
	"origin": "extHost1"
},{
	"resource": "/f:/Brain-5D/src/telemetry/history.py",
	"owner": "Pylance",
	"code": {
		"value": "reportUnknownVariableType",
		"target": {
			"$mid": 1,
			"path": "/microsoft/pylance-release/blob/main/docs/diagnostics/reportUnknownVariableType.md",
			"scheme": "https",
			"authority": "github.com"
		}
	},
	"severity": 8,
	"message": "Return type, \"list[Unknown]\", is partially unknown",
	"source": "Pylance",
	"startLineNumber": 28,
	"startColumn": 16,
	"endLineNumber": 28,
	"endColumn": 31,
	"modelVersionId": 1,
	"origin": "extHost1"
},{
	"resource": "/f:/Brain-5D/src/telemetry/history.py",
	"owner": "Pylance",
	"code": {
		"value": "reportUnknownMemberType",
		"target": {
			"$mid": 1,
			"path": "/microsoft/pylance-release/blob/main/docs/diagnostics/reportUnknownMemberType.md",
			"scheme": "https",
			"authority": "github.com"
		}
	},
	"severity": 8,
	"message": "Type of \"data\" is partially unknown\n  Type of \"data\" is \"deque[Unknown]\"",
	"source": "Pylance",
	"startLineNumber": 28,
	"startColumn": 21,
	"endLineNumber": 28,
	"endColumn": 30,
	"modelVersionId": 1,
	"origin": "extHost1"
},{
	"resource": "/f:/Brain-5D/src/telemetry/history.py",
	"owner": "Pylance",
	"code": {
		"value": "reportUnknownArgumentType",
		"target": {
			"$mid": 1,
			"path": "/microsoft/pylance-release/blob/main/docs/diagnostics/reportUnknownArgumentType.md",
			"scheme": "https",
			"authority": "github.com"
		}
	},
	"severity": 8,
	"message": "Argument type is partially unknown\n  Argument corresponds to parameter \"iterable\" in function \"__init__\"\n  Argument type is \"deque[Unknown]\"",
	"source": "Pylance",
	"startLineNumber": 28,
	"startColumn": 21,
	"endLineNumber": 28,
	"endColumn": 30,
	"modelVersionId": 1,
	"origin": "extHost1"
},{
	"resource": "/f:/Brain-5D/src/storage/runtime.py",
	"owner": "Pylance",
	"code": {
		"value": "reportIncompatibleVariableOverride",
		"target": {
			"$mid": 1,
			"path": "/microsoft/pylance-release/blob/main/docs/diagnostics/reportIncompatibleVariableOverride.md",
			"scheme": "https",
			"authority": "github.com"
		}
	},
	"severity": 8,
	"message": "\"neurons\" overrides symbol of same name in class \"NetworkSnapshotLike\"\n  Variable is mutable so its type is invariant\n    Override type \"Mapping[int, RuntimeNeuronLike]\" is not the same as base type \"Mapping[int, NeuronSnapshotLike]\"",
	"source": "Pylance",
	"startLineNumber": 77,
	"startColumn": 5,
	"endLineNumber": 77,
	"endColumn": 12,
	"relatedInformation": [
		{
			"startLineNumber": 99,
			"startColumn": 5,
			"endLineNumber": 99,
			"endColumn": 12,
			"message": "Overridden symbol",
			"resource": "/f:/Brain-5D/src/storage/b5d.py"
		}
	],
	"modelVersionId": 1,
	"origin": "extHost1"
},{
	"resource": "/f:/Brain-5D/src/storage/runtime.py",
	"owner": "Pylance",
	"code": {
		"value": "reportIncompatibleVariableOverride",
		"target": {
			"$mid": 1,
			"path": "/microsoft/pylance-release/blob/main/docs/diagnostics/reportIncompatibleVariableOverride.md",
			"scheme": "https",
			"authority": "github.com"
		}
	},
	"severity": 8,
	"message": "\"synapses\" overrides symbol of same name in class \"NetworkSnapshotLike\"\n  Variable is mutable so its type is invariant\n    Override type \"Mapping[int, Sequence[RuntimeSynapseLike]]\" is not the same as base type \"Mapping[int, Sequence[SynapseSnapshotLike]]\"",
	"source": "Pylance",
	"startLineNumber": 78,
	"startColumn": 5,
	"endLineNumber": 78,
	"endColumn": 13,
	"relatedInformation": [
		{
			"startLineNumber": 100,
			"startColumn": 5,
			"endLineNumber": 100,
			"endColumn": 13,
			"message": "Overridden symbol",
			"resource": "/f:/Brain-5D/src/storage/b5d.py"
		}
	],
	"modelVersionId": 1,
	"origin": "extHost1"
},{
	"resource": "/f:/Brain-5D/src/storage/core_restore.py",
	"owner": "Pylance",
	"code": {
		"value": "reportUnnecessaryComparison",
		"target": {
			"$mid": 1,
			"path": "/microsoft/pylance-release/blob/main/docs/diagnostics/reportUnnecessaryComparison.md",
			"scheme": "https",
			"authority": "github.com"
		}
	},
	"severity": 8,
	"message": "Condition will always evaluate to True since the types \"float\" and \"None\" have no overlap",
	"source": "Pylance",
	"startLineNumber": 131,
	"startColumn": 12,
	"endLineNumber": 131,
	"endColumn": 31,
	"modelVersionId": 1,
	"origin": "extHost1"
},{
	"resource": "/f:/Brain-5D/src/storage/core_restore.py",
	"owner": "Pylance",
	"code": {
		"value": "reportUnnecessaryComparison",
		"target": {
			"$mid": 1,
			"path": "/microsoft/pylance-release/blob/main/docs/diagnostics/reportUnnecessaryComparison.md",
			"scheme": "https",
			"authority": "github.com"
		}
	},
	"severity": 8,
	"message": "Condition will always evaluate to True since the types \"float\" and \"None\" have no overlap",
	"source": "Pylance",
	"startLineNumber": 133,
	"startColumn": 12,
	"endLineNumber": 133,
	"endColumn": 31,
	"modelVersionId": 1,
	"origin": "extHost1"
},{
	"resource": "/f:/Brain-5D/src/storage/core_restore.py",
	"owner": "Pylance",
	"code": {
		"value": "reportUnnecessaryComparison",
		"target": {
			"$mid": 1,
			"path": "/microsoft/pylance-release/blob/main/docs/diagnostics/reportUnnecessaryComparison.md",
			"scheme": "https",
			"authority": "github.com"
		}
	},
	"severity": 8,
	"message": "Condition will always evaluate to True since the types \"float\" and \"None\" have no overlap",
	"source": "Pylance",
	"startLineNumber": 135,
	"startColumn": 12,
	"endLineNumber": 135,
	"endColumn": 31,
	"modelVersionId": 1,
	"origin": "extHost1"
},{
	"resource": "/f:/Brain-5D/src/storage/core_restore.py",
	"owner": "Pylance",
	"code": {
		"value": "reportUnnecessaryComparison",
		"target": {
			"$mid": 1,
			"path": "/microsoft/pylance-release/blob/main/docs/diagnostics/reportUnnecessaryComparison.md",
			"scheme": "https",
			"authority": "github.com"
		}
	},
	"severity": 8,
	"message": "Condition will always evaluate to True since the types \"float\" and \"None\" have no overlap",
	"source": "Pylance",
	"startLineNumber": 137,
	"startColumn": 12,
	"endLineNumber": 137,
	"endColumn": 31,
	"modelVersionId": 1,
	"origin": "extHost1"
},{
	"resource": "/f:/Brain-5D/src/storage/core_restore.py",
	"owner": "Pylance",
	"code": {
		"value": "reportUnnecessaryComparison",
		"target": {
			"$mid": 1,
			"path": "/microsoft/pylance-release/blob/main/docs/diagnostics/reportUnnecessaryComparison.md",
			"scheme": "https",
			"authority": "github.com"
		}
	},
	"severity": 8,
	"message": "Condition will always evaluate to True since the types \"float\" and \"None\" have no overlap",
	"source": "Pylance",
	"startLineNumber": 142,
	"startColumn": 12,
	"endLineNumber": 142,
	"endColumn": 40,
	"modelVersionId": 1,
	"origin": "extHost1"
},{
	"resource": "/f:/Brain-5D/src/storage/compaction.py",
	"owner": "Pylance",
	"code": {
		"value": "reportUnknownMemberType",
		"target": {
			"$mid": 1,
			"path": "/microsoft/pylance-release/blob/main/docs/diagnostics/reportUnknownMemberType.md",
			"scheme": "https",
			"authority": "github.com"
		}
	},
	"severity": 8,
	"message": "Type of \"get\" is partially unknown\n  Type of \"get\" is \"Overload[(key: Unknown, default: None = None, /) -> (Unknown | None), (key: Unknown, default: Unknown, /) -> Unknown, (key: Unknown, default: _T@get, /) -> (Unknown | _T@get)]\"",
	"source": "Pylance",
	"startLineNumber": 47,
	"startColumn": 41,
	"endLineNumber": 47,
	"endColumn": 48,
	"modelVersionId": 1,
	"origin": "extHost1"
},{
	"resource": "/f:/Brain-5D/src/storage/compaction.py",
	"owner": "Pylance",
	"code": {
		"value": "reportUnknownArgumentType",
		"target": {
			"$mid": 1,
			"path": "/microsoft/pylance-release/blob/main/docs/diagnostics/reportUnknownArgumentType.md",
			"scheme": "https",
			"authority": "github.com"
		}
	},
	"severity": 8,
	"message": "Argument type is unknown\n  Argument corresponds to parameter \"x\" in function \"__new__\"",
	"source": "Pylance",
	"startLineNumber": 50,
	"startColumn": 28,
	"endLineNumber": 50,
	"endColumn": 45,
	"modelVersionId": 1,
	"origin": "extHost1"
},{
	"resource": "/f:/Brain-5D/src/storage/compaction.py",
	"owner": "Pylance",
	"code": {
		"value": "reportUnknownArgumentType",
		"target": {
			"$mid": 1,
			"path": "/microsoft/pylance-release/blob/main/docs/diagnostics/reportUnknownArgumentType.md",
			"scheme": "https",
			"authority": "github.com"
		}
	},
	"severity": 8,
	"message": "Argument type is unknown\n  Argument corresponds to parameter \"object\" in function \"__new__\"",
	"source": "Pylance",
	"startLineNumber": 51,
	"startColumn": 26,
	"endLineNumber": 51,
	"endColumn": 41,
	"modelVersionId": 1,
	"origin": "extHost1"
},{
	"resource": "/f:/Brain-5D/src/storage/compaction.py",
	"owner": "Pylance",
	"code": {
		"value": "reportUnknownArgumentType",
		"target": {
			"$mid": 1,
			"path": "/microsoft/pylance-release/blob/main/docs/diagnostics/reportUnknownArgumentType.md",
			"scheme": "https",
			"authority": "github.com"
		}
	},
	"severity": 8,
	"message": "Argument type is unknown\n  Argument corresponds to parameter \"object\" in function \"__new__\"",
	"source": "Pylance",
	"startLineNumber": 52,
	"startColumn": 25,
	"endLineNumber": 52,
	"endColumn": 39,
	"modelVersionId": 1,
	"origin": "extHost1"
},{
	"resource": "/f:/Brain-5D/src/storage/compaction.py",
	"owner": "Pylance",
	"code": {
		"value": "reportUnknownArgumentType",
		"target": {
			"$mid": 1,
			"path": "/microsoft/pylance-release/blob/main/docs/diagnostics/reportUnknownArgumentType.md",
			"scheme": "https",
			"authority": "github.com"
		}
	},
	"severity": 8,
	"message": "Argument type is unknown\n  Argument corresponds to parameter \"x\" in function \"__new__\"",
	"source": "Pylance",
	"startLineNumber": 53,
	"startColumn": 27,
	"endLineNumber": 53,
	"endColumn": 43,
	"modelVersionId": 1,
	"origin": "extHost1"
},{
	"resource": "/f:/Brain-5D/src/storage/checkpoint.py",
	"owner": "Pylance",
	"code": {
		"value": "reportUnknownVariableType",
		"target": {
			"$mid": 1,
			"path": "/microsoft/pylance-release/blob/main/docs/diagnostics/reportUnknownVariableType.md",
			"scheme": "https",
			"authority": "github.com"
		}
	},
	"severity": 8,
	"message": "Type of \"key\" is unknown",
	"source": "Pylance",
	"startLineNumber": 275,
	"startColumn": 9,
	"endLineNumber": 275,
	"endColumn": 12,
	"modelVersionId": 1,
	"origin": "extHost1"
},{
	"resource": "/f:/Brain-5D/src/storage/checkpoint.py",
	"owner": "Pylance",
	"code": {
		"value": "reportUnknownVariableType",
		"target": {
			"$mid": 1,
			"path": "/microsoft/pylance-release/blob/main/docs/diagnostics/reportUnknownVariableType.md",
			"scheme": "https",
			"authority": "github.com"
		}
	},
	"severity": 8,
	"message": "Type of \"item\" is unknown",
	"source": "Pylance",
	"startLineNumber": 275,
	"startColumn": 14,
	"endLineNumber": 275,
	"endColumn": 18,
	"modelVersionId": 1,
	"origin": "extHost1"
},{
	"resource": "/f:/Brain-5D/src/storage/checkpoint.py",
	"owner": "Pylance",
	"code": {
		"value": "reportUnknownArgumentType",
		"target": {
			"$mid": 1,
			"path": "/microsoft/pylance-release/blob/main/docs/diagnostics/reportUnknownArgumentType.md",
			"scheme": "https",
			"authority": "github.com"
		}
	},
	"severity": 8,
	"message": "Argument type is partially unknown\n  Argument corresponds to parameter \"iterable\" in function \"__init__\"\n  Argument type is \"list[Unknown]\"",
	"source": "Pylance",
	"startLineNumber": 285,
	"startColumn": 17,
	"endLineNumber": 285,
	"endColumn": 22,
	"modelVersionId": 1,
	"origin": "extHost1"
},{
	"resource": "/f:/Brain-5D/src/storage/b5d.py",
	"owner": "Pylance",
	"code": {
		"value": "reportUnknownArgumentType",
		"target": {
			"$mid": 1,
			"path": "/microsoft/pylance-release/blob/main/docs/diagnostics/reportUnknownArgumentType.md",
			"scheme": "https",
			"authority": "github.com"
		}
	},
	"severity": 8,
	"message": "Argument type is unknown\n  Argument corresponds to parameter \"value\" in function \"_validate_json_value\"",
	"source": "Pylance",
	"startLineNumber": 278,
	"startColumn": 38,
	"endLineNumber": 278,
	"endColumn": 42,
	"modelVersionId": 1,
	"origin": "extHost1"
},{
	"resource": "/f:/Brain-5D/src/storage/b5d.py",
	"owner": "Pylance",
	"code": {
		"value": "reportUnknownVariableType",
		"target": {
			"$mid": 1,
			"path": "/microsoft/pylance-release/blob/main/docs/diagnostics/reportUnknownVariableType.md",
			"scheme": "https",
			"authority": "github.com"
		}
	},
	"severity": 8,
	"message": "Type of \"item\" is unknown",
	"source": "Pylance",
	"startLineNumber": 278,
	"startColumn": 48,
	"endLineNumber": 278,
	"endColumn": 52,
	"modelVersionId": 1,
	"origin": "extHost1"
},{
	"resource": "/f:/Brain-5D/src/storage/b5d.py",
	"owner": "Pylance",
	"code": {
		"value": "reportUnknownVariableType",
		"target": {
			"$mid": 1,
			"path": "/microsoft/pylance-release/blob/main/docs/diagnostics/reportUnknownVariableType.md",
			"scheme": "https",
			"authority": "github.com"
		}
	},
	"severity": 8,
	"message": "Type of \"key\" is unknown",
	"source": "Pylance",
	"startLineNumber": 281,
	"startColumn": 13,
	"endLineNumber": 281,
	"endColumn": 16,
	"modelVersionId": 1,
	"origin": "extHost1"
},{
	"resource": "/f:/Brain-5D/src/storage/b5d.py",
	"owner": "Pylance",
	"code": {
		"value": "reportUnknownVariableType",
		"target": {
			"$mid": 1,
			"path": "/microsoft/pylance-release/blob/main/docs/diagnostics/reportUnknownVariableType.md",
			"scheme": "https",
			"authority": "github.com"
		}
	},
	"severity": 8,
	"message": "Type of \"item\" is unknown",
	"source": "Pylance",
	"startLineNumber": 281,
	"startColumn": 18,
	"endLineNumber": 281,
	"endColumn": 22,
	"modelVersionId": 1,
	"origin": "extHost1"
},{
	"resource": "/f:/Brain-5D/src/storage/b5d.py",
	"owner": "Pylance",
	"code": {
		"value": "reportUnknownArgumentType",
		"target": {
			"$mid": 1,
			"path": "/microsoft/pylance-release/blob/main/docs/diagnostics/reportUnknownArgumentType.md",
			"scheme": "https",
			"authority": "github.com"
		}
	},
	"severity": 8,
	"message": "Argument type is unknown\n  Argument corresponds to parameter \"value\" in function \"_validate_json_value\"",
	"source": "Pylance",
	"startLineNumber": 284,
	"startColumn": 48,
	"endLineNumber": 284,
	"endColumn": 52,
	"modelVersionId": 1,
	"origin": "extHost1"
},{
	"resource": "/f:/Brain-5D/src/storage/async_runtime.py",
	"owner": "Pylance",
	"code": {
		"value": "reportUnusedImport",
		"target": {
			"$mid": 1,
			"path": "/microsoft/pylance-release/blob/main/docs/diagnostics/reportUnusedImport.md",
			"scheme": "https",
			"authority": "github.com"
		}
	},
	"severity": 8,
	"message": "Import \"Path\" is not accessed",
	"source": "Pylance",
	"startLineNumber": 6,
	"startColumn": 21,
	"endLineNumber": 6,
	"endColumn": 25,
	"modelVersionId": 1,
	"origin": "extHost1"
},{
	"resource": "/f:/Brain-5D/src/manipulation/manipulator.py",
	"owner": "Pylance",
	"code": {
		"value": "reportUnknownVariableType",
		"target": {
			"$mid": 1,
			"path": "/microsoft/pylance-release/blob/main/docs/diagnostics/reportUnknownVariableType.md",
			"scheme": "https",
			"authority": "github.com"
		}
	},
	"severity": 8,
	"message": "Type of \"inverse\" is partially unknown\n  Type of \"inverse\" is \"list[Unknown]\"",
	"source": "Pylance",
	"startLineNumber": 49,
	"startColumn": 5,
	"endLineNumber": 49,
	"endColumn": 12,
	"modelVersionId": 1,
	"origin": "extHost1"
},{
	"resource": "/f:/Brain-5D/src/manipulation/manipulator.py",
	"owner": "Pylance",
	"code": {
		"value": "reportUnknownMemberType",
		"target": {
			"$mid": 1,
			"path": "/microsoft/pylance-release/blob/main/docs/diagnostics/reportUnknownMemberType.md",
			"scheme": "https",
			"authority": "github.com"
		}
	},
	"severity": 8,
	"message": "Type of \"append\" is partially unknown\n  Type of \"append\" is \"(object: Unknown, /) -> None\"",
	"source": "Pylance",
	"startLineNumber": 192,
	"startColumn": 13,
	"endLineNumber": 192,
	"endColumn": 28,
	"modelVersionId": 1,
	"origin": "extHost1"
},{
	"resource": "/f:/Brain-5D/src/manipulation/manipulator.py",
	"owner": "Pylance",
	"code": {
		"value": "reportUnknownMemberType",
		"target": {
			"$mid": 1,
			"path": "/microsoft/pylance-release/blob/main/docs/diagnostics/reportUnknownMemberType.md",
			"scheme": "https",
			"authority": "github.com"
		}
	},
	"severity": 8,
	"message": "Type of \"append\" is partially unknown\n  Type of \"append\" is \"(object: Unknown, /) -> None\"",
	"source": "Pylance",
	"startLineNumber": 204,
	"startColumn": 21,
	"endLineNumber": 204,
	"endColumn": 36,
	"modelVersionId": 1,
	"origin": "extHost1"
},{
	"resource": "/f:/Brain-5D/src/manipulation/manipulator.py",
	"owner": "Pylance",
	"code": {
		"value": "reportUnknownMemberType",
		"target": {
			"$mid": 1,
			"path": "/microsoft/pylance-release/blob/main/docs/diagnostics/reportUnknownMemberType.md",
			"scheme": "https",
			"authority": "github.com"
		}
	},
	"severity": 8,
	"message": "Type of \"append\" is partially unknown\n  Type of \"append\" is \"(object: Unknown, /) -> None\"",
	"source": "Pylance",
	"startLineNumber": 323,
	"startColumn": 17,
	"endLineNumber": 323,
	"endColumn": 30,
	"modelVersionId": 1,
	"origin": "extHost1"
},{
	"resource": "/f:/Brain-5D/src/manipulation/manipulator.py",
	"owner": "Pylance",
	"code": {
		"value": "reportUnknownVariableType",
		"target": {
			"$mid": 1,
			"path": "/microsoft/pylance-release/blob/main/docs/diagnostics/reportUnknownVariableType.md",
			"scheme": "https",
			"authority": "github.com"
		}
	},
	"severity": 8,
	"message": "Return type, \"list[Unknown]\", is partially unknown",
	"source": "Pylance",
	"startLineNumber": 324,
	"startColumn": 16,
	"endLineNumber": 324,
	"endColumn": 22,
	"modelVersionId": 1,
	"origin": "extHost1"
},{
	"resource": "/f:/Brain-5D/src/manipulation/manipulator.py",
	"owner": "Pylance",
	"code": {
		"value": "reportUnknownMemberType",
		"target": {
			"$mid": 1,
			"path": "/microsoft/pylance-release/blob/main/docs/diagnostics/reportUnknownMemberType.md",
			"scheme": "https",
			"authority": "github.com"
		}
	},
	"severity": 8,
	"message": "Type of \"append\" is partially unknown\n  Type of \"append\" is \"(object: Unknown, /) -> None\"",
	"source": "Pylance",
	"startLineNumber": 340,
	"startColumn": 17,
	"endLineNumber": 340,
	"endColumn": 27,
	"modelVersionId": 1,
	"origin": "extHost1"
},{
	"resource": "/f:/Brain-5D/src/manipulation/manipulator.py",
	"owner": "Pylance",
	"code": {
		"value": "reportUnknownMemberType",
		"target": {
			"$mid": 1,
			"path": "/microsoft/pylance-release/blob/main/docs/diagnostics/reportUnknownMemberType.md",
			"scheme": "https",
			"authority": "github.com"
		}
	},
	"severity": 8,
	"message": "Type of \"append\" is partially unknown\n  Type of \"append\" is \"(object: Unknown, /) -> None\"",
	"source": "Pylance",
	"startLineNumber": 346,
	"startColumn": 21,
	"endLineNumber": 346,
	"endColumn": 31,
	"modelVersionId": 1,
	"origin": "extHost1"
},{
	"resource": "/f:/Brain-5D/src/manipulation/manipulator.py",
	"owner": "Pylance",
	"code": {
		"value": "reportUnknownVariableType",
		"target": {
			"$mid": 1,
			"path": "/microsoft/pylance-release/blob/main/docs/diagnostics/reportUnknownVariableType.md",
			"scheme": "https",
			"authority": "github.com"
		}
	},
	"severity": 8,
	"message": "Type of \"nid\" is partially unknown\n  Type of \"nid\" is \"int | Unknown\"",
	"source": "Pylance",
	"startLineNumber": 351,
	"startColumn": 13,
	"endLineNumber": 351,
	"endColumn": 16,
	"modelVersionId": 1,
	"origin": "extHost1"
},{
	"resource": "/f:/Brain-5D/src/manipulation/manipulator.py",
	"owner": "Pylance",
	"code": {
		"value": "reportUnknownMemberType",
		"target": {
			"$mid": 1,
			"path": "/microsoft/pylance-release/blob/main/docs/diagnostics/reportUnknownMemberType.md",
			"scheme": "https",
			"authority": "github.com"
		}
	},
	"severity": 8,
	"message": "Type of \"append\" is partially unknown\n  Type of \"append\" is \"(object: Unknown, /) -> None\"",
	"source": "Pylance",
	"startLineNumber": 357,
	"startColumn": 13,
	"endLineNumber": 357,
	"endColumn": 23,
	"modelVersionId": 1,
	"origin": "extHost1"
},{
	"resource": "/f:/Brain-5D/src/manipulation/manipulator.py",
	"owner": "Pylance",
	"code": {
		"value": "reportUnknownArgumentType",
		"target": {
			"$mid": 1,
			"path": "/microsoft/pylance-release/blob/main/docs/diagnostics/reportUnknownArgumentType.md",
			"scheme": "https",
			"authority": "github.com"
		}
	},
	"severity": 8,
	"message": "Argument type is partially unknown\n  Argument corresponds to parameter \"obj\" in function \"len\"\n  Argument type is \"list[Unknown]\"",
	"source": "Pylance",
	"startLineNumber": 358,
	"startColumn": 42,
	"endLineNumber": 358,
	"endColumn": 45,
	"modelVersionId": 1,
	"origin": "extHost1"
},{
	"resource": "/f:/Brain-5D/src/manipulation/manipulator.py",
	"owner": "Pylance",
	"code": {
		"value": "reportUnknownVariableType",
		"target": {
			"$mid": 1,
			"path": "/microsoft/pylance-release/blob/main/docs/diagnostics/reportUnknownVariableType.md",
			"scheme": "https",
			"authority": "github.com"
		}
	},
	"severity": 8,
	"message": "Return type, \"list[Unknown]\", is partially unknown",
	"source": "Pylance",
	"startLineNumber": 360,
	"startColumn": 16,
	"endLineNumber": 360,
	"endColumn": 19,
	"modelVersionId": 1,
	"origin": "extHost1"
},{
	"resource": "/f:/Brain-5D/src/main.py",
	"owner": "Pylance",
	"code": {
		"value": "reportUnknownParameterType",
		"target": {
			"$mid": 1,
			"path": "/microsoft/pylance-release/blob/main/docs/diagnostics/reportUnknownParameterType.md",
			"scheme": "https",
			"authority": "github.com"
		}
	},
	"severity": 8,
	"message": "Type of parameter \"config\" is partially unknown\n  Parameter type is \"dict[Unknown, Unknown]\"",
	"source": "Pylance",
	"startLineNumber": 42,
	"startColumn": 19,
	"endLineNumber": 42,
	"endColumn": 25,
	"modelVersionId": 1,
	"origin": "extHost1"
},{
	"resource": "/f:/Brain-5D/src/main.py",
	"owner": "Pylance",
	"code": {
		"value": "reportMissingTypeArgument",
		"target": {
			"$mid": 1,
			"path": "/microsoft/pylance-release/blob/main/docs/diagnostics/reportMissingTypeArgument.md",
			"scheme": "https",
			"authority": "github.com"
		}
	},
	"severity": 8,
	"message": "Expected type arguments for generic class \"dict\"",
	"source": "Pylance",
	"startLineNumber": 42,
	"startColumn": 27,
	"endLineNumber": 42,
	"endColumn": 31,
	"modelVersionId": 1,
	"origin": "extHost1"
},{
	"resource": "/f:/Brain-5D/src/main.py",
	"owner": "Pylance",
	"code": {
		"value": "reportUnknownArgumentType",
		"target": {
			"$mid": 1,
			"path": "/microsoft/pylance-release/blob/main/docs/diagnostics/reportUnknownArgumentType.md",
			"scheme": "https",
			"authority": "github.com"
		}
	},
	"severity": 8,
	"message": "Argument type is unknown\n  Argument corresponds to parameter \"x\" in function \"__new__\"",
	"source": "Pylance",
	"startLineNumber": 44,
	"startColumn": 29,
	"endLineNumber": 44,
	"endColumn": 43,
	"modelVersionId": 1,
	"origin": "extHost1"
},{
	"resource": "/f:/Brain-5D/src/main.py",
	"owner": "Pylance",
	"code": {
		"value": "reportArgumentType",
		"target": {
			"$mid": 1,
			"path": "/microsoft/pylance-release/blob/main/docs/diagnostics/reportArgumentType.md",
			"scheme": "https",
			"authority": "github.com"
		}
	},
	"severity": 8,
	"message": "Argument of type \"dict[Unknown, Unknown]\" cannot be assigned to parameter \"config\" of type \"ConfigDict\" in function \"__init__\"\n  \"dict[Unknown, Unknown]\" is not assignable to \"ConfigDict\"",
	"source": "Pylance",
	"startLineNumber": 45,
	"startColumn": 29,
	"endLineNumber": 45,
	"endColumn": 35,
	"modelVersionId": 1,
	"origin": "extHost1"
},{
	"resource": "/f:/Brain-5D/src/main.py",
	"owner": "Pylance",
	"code": {
		"value": "reportUnknownVariableType",
		"target": {
			"$mid": 1,
			"path": "/microsoft/pylance-release/blob/main/docs/diagnostics/reportUnknownVariableType.md",
			"scheme": "https",
			"authority": "github.com"
		}
	},
	"severity": 8,
	"message": "Type of \"dims\" is partially unknown\n  Type of \"dims\" is \"tuple[Unknown, ...]\"",
	"source": "Pylance",
	"startLineNumber": 46,
	"startColumn": 5,
	"endLineNumber": 46,
	"endColumn": 9,
	"modelVersionId": 1,
	"origin": "extHost1"
},{
	"resource": "/f:/Brain-5D/src/main.py",
	"owner": "Pylance",
	"code": {
		"value": "reportUnknownArgumentType",
		"target": {
			"$mid": 1,
			"path": "/microsoft/pylance-release/blob/main/docs/diagnostics/reportUnknownArgumentType.md",
			"scheme": "https",
			"authority": "github.com"
		}
	},
	"severity": 8,
	"message": "Argument type is unknown\n  Argument corresponds to parameter \"iterable\" in function \"__new__\"",
	"source": "Pylance",
	"startLineNumber": 46,
	"startColumn": 18,
	"endLineNumber": 46,
	"endColumn": 38,
	"modelVersionId": 1,
	"origin": "extHost1"
},{
	"resource": "/f:/Brain-5D/src/main.py",
	"owner": "Pylance",
	"code": {
		"value": "reportUnknownVariableType",
		"target": {
			"$mid": 1,
			"path": "/microsoft/pylance-release/blob/main/docs/diagnostics/reportUnknownVariableType.md",
			"scheme": "https",
			"authority": "github.com"
		}
	},
	"severity": 8,
	"message": "Type of \"dimension\" is unknown",
	"source": "Pylance",
	"startLineNumber": 48,
	"startColumn": 9,
	"endLineNumber": 48,
	"endColumn": 18,
	"modelVersionId": 1,
	"origin": "extHost1"
},{
	"resource": "/f:/Brain-5D/src/main.py",
	"owner": "Pylance",
	"code": {
		"value": "reportUnknownVariableType",
		"target": {
			"$mid": 1,
			"path": "/microsoft/pylance-release/blob/main/docs/diagnostics/reportUnknownVariableType.md",
			"scheme": "https",
			"authority": "github.com"
		}
	},
	"severity": 8,
	"message": "Type of \"total\" is unknown",
	"source": "Pylance",
	"startLineNumber": 49,
	"startColumn": 9,
	"endLineNumber": 49,
	"endColumn": 14,
	"modelVersionId": 1,
	"origin": "extHost1"
},{
	"resource": "/f:/Brain-5D/src/main.py",
	"owner": "Pylance",
	"code": {
		"value": "reportUnknownVariableType",
		"target": {
			"$mid": 1,
			"path": "/microsoft/pylance-release/blob/main/docs/diagnostics/reportUnknownVariableType.md",
			"scheme": "https",
			"authority": "github.com"
		}
	},
	"severity": 8,
	"message": "Type of \"topology\" is unknown",
	"source": "Pylance",
	"startLineNumber": 50,
	"startColumn": 5,
	"endLineNumber": 50,
	"endColumn": 13,
	"modelVersionId": 1,
	"origin": "extHost1"
},{
	"resource": "/f:/Brain-5D/src/main.py",
	"owner": "Pylance",
	"code": {
		"value": "reportUnknownArgumentType",
		"target": {
			"$mid": 1,
			"path": "/microsoft/pylance-release/blob/main/docs/diagnostics/reportUnknownArgumentType.md",
			"scheme": "https",
			"authority": "github.com"
		}
	},
	"severity": 8,
	"message": "Argument type is partially unknown\n  Argument corresponds to parameter \"dims\" in function \"make_boundary_coord\"\n  Argument type is \"tuple[Unknown, ...]\"",
	"source": "Pylance",
	"startLineNumber": 52,
	"startColumn": 9,
	"endLineNumber": 52,
	"endColumn": 13,
	"modelVersionId": 1,
	"origin": "extHost1"
},{
	"resource": "/f:/Brain-5D/src/main.py",
	"owner": "Pylance",
	"code": {
		"value": "reportUnknownArgumentType",
		"target": {
			"$mid": 1,
			"path": "/microsoft/pylance-release/blob/main/docs/diagnostics/reportUnknownArgumentType.md",
			"scheme": "https",
			"authority": "github.com"
		}
	},
	"severity": 8,
	"message": "Argument type is unknown\n  Argument corresponds to parameter \"dimension\" in function \"make_boundary_coord\"",
	"source": "Pylance",
	"startLineNumber": 53,
	"startColumn": 9,
	"endLineNumber": 53,
	"endColumn": 39,
	"modelVersionId": 1,
	"origin": "extHost1"
},{
	"resource": "/f:/Brain-5D/src/main.py",
	"owner": "Pylance",
	"code": {
		"value": "reportUnknownArgumentType",
		"target": {
			"$mid": 1,
			"path": "/microsoft/pylance-release/blob/main/docs/diagnostics/reportUnknownArgumentType.md",
			"scheme": "https",
			"authority": "github.com"
		}
	},
	"severity": 8,
	"message": "Argument type is unknown\n  Argument corresponds to parameter \"value\" in function \"make_boundary_coord\"",
	"source": "Pylance",
	"startLineNumber": 54,
	"startColumn": 9,
	"endLineNumber": 54,
	"endColumn": 40,
	"modelVersionId": 1,
	"origin": "extHost1"
},{
	"resource": "/f:/Brain-5D/src/main.py",
	"owner": "Pylance",
	"code": {
		"value": "reportUnknownArgumentType",
		"target": {
			"$mid": 1,
			"path": "/microsoft/pylance-release/blob/main/docs/diagnostics/reportUnknownArgumentType.md",
			"scheme": "https",
			"authority": "github.com"
		}
	},
	"severity": 8,
	"message": "Argument type is partially unknown\n  Argument corresponds to parameter \"dims\" in function \"make_boundary_coord\"\n  Argument type is \"tuple[Unknown, ...]\"",
	"source": "Pylance",
	"startLineNumber": 57,
	"startColumn": 9,
	"endLineNumber": 57,
	"endColumn": 13,
	"modelVersionId": 1,
	"origin": "extHost1"
},{
	"resource": "/f:/Brain-5D/src/main.py",
	"owner": "Pylance",
	"code": {
		"value": "reportUnknownArgumentType",
		"target": {
			"$mid": 1,
			"path": "/microsoft/pylance-release/blob/main/docs/diagnostics/reportUnknownArgumentType.md",
			"scheme": "https",
			"authority": "github.com"
		}
	},
	"severity": 8,
	"message": "Argument type is unknown\n  Argument corresponds to parameter \"dimension\" in function \"make_boundary_coord\"",
	"source": "Pylance",
	"startLineNumber": 58,
	"startColumn": 9,
	"endLineNumber": 58,
	"endColumn": 40,
	"modelVersionId": 1,
	"origin": "extHost1"
},{
	"resource": "/f:/Brain-5D/src/main.py",
	"owner": "Pylance",
	"code": {
		"value": "reportUnknownArgumentType",
		"target": {
			"$mid": 1,
			"path": "/microsoft/pylance-release/blob/main/docs/diagnostics/reportUnknownArgumentType.md",
			"scheme": "https",
			"authority": "github.com"
		}
	},
	"severity": 8,
	"message": "Argument type is unknown\n  Argument corresponds to parameter \"value\" in function \"make_boundary_coord\"",
	"source": "Pylance",
	"startLineNumber": 59,
	"startColumn": 9,
	"endLineNumber": 59,
	"endColumn": 41,
	"modelVersionId": 1,
	"origin": "extHost1"
},{
	"resource": "/f:/Brain-5D/src/main.py",
	"owner": "Pylance",
	"code": {
		"value": "reportUnknownVariableType",
		"target": {
			"$mid": 1,
			"path": "/microsoft/pylance-release/blob/main/docs/diagnostics/reportUnknownVariableType.md",
			"scheme": "https",
			"authority": "github.com"
		}
	},
	"severity": 8,
	"message": "Type of \"diag_coord\" is partially unknown\n  Type of \"diag_coord\" is \"tuple[Unknown, ...]\"",
	"source": "Pylance",
	"startLineNumber": 61,
	"startColumn": 5,
	"endLineNumber": 61,
	"endColumn": 15,
	"modelVersionId": 1,
	"origin": "extHost1"
},{
	"resource": "/f:/Brain-5D/src/main.py",
	"owner": "Pylance",
	"code": {
		"value": "reportUnknownArgumentType",
		"target": {
			"$mid": 1,
			"path": "/microsoft/pylance-release/blob/main/docs/diagnostics/reportUnknownArgumentType.md",
			"scheme": "https",
			"authority": "github.com"
		}
	},
	"severity": 8,
	"message": "Argument type is unknown\n  Argument corresponds to parameter \"iterable\" in function \"__new__\"",
	"source": "Pylance",
	"startLineNumber": 61,
	"startColumn": 24,
	"endLineNumber": 61,
	"endColumn": 61,
	"modelVersionId": 1,
	"origin": "extHost1"
},{
	"resource": "/f:/Brain-5D/src/main.py",
	"owner": "Pylance",
	"code": {
		"value": "reportUnknownVariableType",
		"target": {
			"$mid": 1,
			"path": "/microsoft/pylance-release/blob/main/docs/diagnostics/reportUnknownVariableType.md",
			"scheme": "https",
			"authority": "github.com"
		}
	},
	"severity": 8,
	"message": "Type of \"reserved_coords\" is partially unknown\n  Type of \"reserved_coords\" is \"set[Tuple[int, int, int, int, int] | tuple[Unknown, ...]]\"",
	"source": "Pylance",
	"startLineNumber": 62,
	"startColumn": 5,
	"endLineNumber": 62,
	"endColumn": 20,
	"modelVersionId": 1,
	"origin": "extHost1"
},{
	"resource": "/f:/Brain-5D/src/main.py",
	"owner": "Pylance",
	"code": {
		"value": "reportUnknownArgumentType",
		"target": {
			"$mid": 1,
			"path": "/microsoft/pylance-release/blob/main/docs/diagnostics/reportUnknownArgumentType.md",
			"scheme": "https",
			"authority": "github.com"
		}
	},
	"severity": 8,
	"message": "Argument type is partially unknown\n  Argument corresponds to parameter \"coord\" in function \"coords_to_linear\"\n  Argument type is \"Tuple[int, int, int, int, int] | tuple[Unknown, ...]\"",
	"source": "Pylance",
	"startLineNumber": 63,
	"startColumn": 42,
	"endLineNumber": 63,
	"endColumn": 47,
	"modelVersionId": 1,
	"origin": "extHost1"
},{
	"resource": "/f:/Brain-5D/src/main.py",
	"owner": "Pylance",
	"code": {
		"value": "reportUnknownArgumentType",
		"target": {
			"$mid": 1,
			"path": "/microsoft/pylance-release/blob/main/docs/diagnostics/reportUnknownArgumentType.md",
			"scheme": "https",
			"authority": "github.com"
		}
	},
	"severity": 8,
	"message": "Argument type is partially unknown\n  Argument corresponds to parameter \"dims\" in function \"coords_to_linear\"\n  Argument type is \"tuple[Unknown, ...]\"",
	"source": "Pylance",
	"startLineNumber": 63,
	"startColumn": 49,
	"endLineNumber": 63,
	"endColumn": 53,
	"modelVersionId": 1,
	"origin": "extHost1"
},{
	"resource": "/f:/Brain-5D/src/main.py",
	"owner": "Pylance",
	"code": {
		"value": "reportUnknownVariableType",
		"target": {
			"$mid": 1,
			"path": "/microsoft/pylance-release/blob/main/docs/diagnostics/reportUnknownVariableType.md",
			"scheme": "https",
			"authority": "github.com"
		}
	},
	"severity": 8,
	"message": "Type of \"coord\" is partially unknown\n  Type of \"coord\" is \"Tuple[int, int, int, int, int] | tuple[Unknown, ...]\"",
	"source": "Pylance",
	"startLineNumber": 63,
	"startColumn": 59,
	"endLineNumber": 63,
	"endColumn": 64,
	"modelVersionId": 1,
	"origin": "extHost1"
},{
	"resource": "/f:/Brain-5D/src/main.py",
	"owner": "Pylance",
	"code": {
		"value": "reportUnknownArgumentType",
		"target": {
			"$mid": 1,
			"path": "/microsoft/pylance-release/blob/main/docs/diagnostics/reportUnknownArgumentType.md",
			"scheme": "https",
			"authority": "github.com"
		}
	},
	"severity": 8,
	"message": "Argument type is partially unknown\n  Argument corresponds to parameter \"total\" in function \"sample_positions_excluding_poc\"\n  Argument type is \"Unknown | Literal[1]\"",
	"source": "Pylance",
	"startLineNumber": 65,
	"startColumn": 9,
	"endLineNumber": 65,
	"endColumn": 14,
	"modelVersionId": 1,
	"origin": "extHost1"
},{
	"resource": "/f:/Brain-5D/src/main.py",
	"owner": "Pylance",
	"code": {
		"value": "reportUnknownArgumentType",
		"target": {
			"$mid": 1,
			"path": "/microsoft/pylance-release/blob/main/docs/diagnostics/reportUnknownArgumentType.md",
			"scheme": "https",
			"authority": "github.com"
		}
	},
	"severity": 8,
	"message": "Argument type is unknown\n  Argument corresponds to parameter \"x\" in function \"__new__\"",
	"source": "Pylance",
	"startLineNumber": 67,
	"startColumn": 13,
	"endLineNumber": 67,
	"endColumn": 38,
	"modelVersionId": 1,
	"origin": "extHost1"
},{
	"resource": "/f:/Brain-5D/src/main.py",
	"owner": "Pylance",
	"code": {
		"value": "reportUnknownArgumentType",
		"target": {
			"$mid": 1,
			"path": "/microsoft/pylance-release/blob/main/docs/diagnostics/reportUnknownArgumentType.md",
			"scheme": "https",
			"authority": "github.com"
		}
	},
	"severity": 8,
	"message": "Argument type is partially unknown\n  Argument corresponds to parameter \"obj\" in function \"len\"\n  Argument type is \"set[Tuple[int, int, int, int, int] | tuple[Unknown, ...]]\"",
	"source": "Pylance",
	"startLineNumber": 67,
	"startColumn": 46,
	"endLineNumber": 67,
	"endColumn": 61,
	"modelVersionId": 1,
	"origin": "extHost1"
},{
	"resource": "/f:/Brain-5D/src/main.py",
	"owner": "Pylance",
	"code": {
		"value": "reportUnknownArgumentType",
		"target": {
			"$mid": 1,
			"path": "/microsoft/pylance-release/blob/main/docs/diagnostics/reportUnknownArgumentType.md",
			"scheme": "https",
			"authority": "github.com"
		}
	},
	"severity": 8,
	"message": "Argument type is partially unknown\n  Argument corresponds to parameter \"dims\" in function \"linear_to_5d\"\n  Argument type is \"tuple[Unknown, ...]\"",
	"source": "Pylance",
	"startLineNumber": 71,
	"startColumn": 48,
	"endLineNumber": 71,
	"endColumn": 52,
	"modelVersionId": 1,
	"origin": "extHost1"
},{
	"resource": "/f:/Brain-5D/src/main.py",
	"owner": "Pylance",
	"code": {
		"value": "reportUnknownVariableType",
		"target": {
			"$mid": 1,
			"path": "/microsoft/pylance-release/blob/main/docs/diagnostics/reportUnknownVariableType.md",
			"scheme": "https",
			"authority": "github.com"
		}
	},
	"severity": 8,
	"message": "Type of \"coord\" is partially unknown\n  Type of \"coord\" is \"Tuple[int, int, int, int, int] | tuple[Unknown, ...]\"",
	"source": "Pylance",
	"startLineNumber": 72,
	"startColumn": 9,
	"endLineNumber": 72,
	"endColumn": 14,
	"modelVersionId": 1,
	"origin": "extHost1"
},{
	"resource": "/f:/Brain-5D/src/main.py",
	"owner": "Pylance",
	"code": {
		"value": "reportUnknownArgumentType",
		"target": {
			"$mid": 1,
			"path": "/microsoft/pylance-release/blob/main/docs/diagnostics/reportUnknownArgumentType.md",
			"scheme": "https",
			"authority": "github.com"
		}
	},
	"severity": 8,
	"message": "Argument type is partially unknown\n  Argument corresponds to parameter \"iterable\" in function \"sorted\"\n  Argument type is \"set[Tuple[int, int, int, int, int] | tuple[Unknown, ...]]\"",
	"source": "Pylance",
	"startLineNumber": 72,
	"startColumn": 25,
	"endLineNumber": 72,
	"endColumn": 40,
	"modelVersionId": 1,
	"origin": "extHost1"
},{
	"resource": "/f:/Brain-5D/src/main.py",
	"owner": "Pylance",
	"code": {
		"value": "reportUnknownArgumentType",
		"target": {
			"$mid": 1,
			"path": "/microsoft/pylance-release/blob/main/docs/diagnostics/reportUnknownArgumentType.md",
			"scheme": "https",
			"authority": "github.com"
		}
	},
	"severity": 8,
	"message": "Argument type is partially unknown\n  Argument corresponds to parameter \"coord\" in function \"add_neuron\"\n  Argument type is \"Tuple[int, int, int, int, int] | tuple[Unknown, ...]\"",
	"source": "Pylance",
	"startLineNumber": 73,
	"startColumn": 28,
	"endLineNumber": 73,
	"endColumn": 33,
	"modelVersionId": 1,
	"origin": "extHost1"
},{
	"resource": "/f:/Brain-5D/src/main.py",
	"owner": "Pylance",
	"code": {
		"value": "reportUnknownArgumentType",
		"target": {
			"$mid": 1,
			"path": "/microsoft/pylance-release/blob/main/docs/diagnostics/reportUnknownArgumentType.md",
			"scheme": "https",
			"authority": "github.com"
		}
	},
	"severity": 8,
	"message": "Argument type is unknown\n  Argument corresponds to parameter \"input_dim\" in function \"set_input_output_cells\"",
	"source": "Pylance",
	"startLineNumber": 75,
	"startColumn": 9,
	"endLineNumber": 75,
	"endColumn": 39,
	"modelVersionId": 1,
	"origin": "extHost1"
},{
	"resource": "/f:/Brain-5D/src/main.py",
	"owner": "Pylance",
	"code": {
		"value": "reportUnknownArgumentType",
		"target": {
			"$mid": 1,
			"path": "/microsoft/pylance-release/blob/main/docs/diagnostics/reportUnknownArgumentType.md",
			"scheme": "https",
			"authority": "github.com"
		}
	},
	"severity": 8,
	"message": "Argument type is unknown\n  Argument corresponds to parameter \"input_coord\" in function \"set_input_output_cells\"",
	"source": "Pylance",
	"startLineNumber": 76,
	"startColumn": 9,
	"endLineNumber": 76,
	"endColumn": 40,
	"modelVersionId": 1,
	"origin": "extHost1"
},{
	"resource": "/f:/Brain-5D/src/main.py",
	"owner": "Pylance",
	"code": {
		"value": "reportUnknownArgumentType",
		"target": {
			"$mid": 1,
			"path": "/microsoft/pylance-release/blob/main/docs/diagnostics/reportUnknownArgumentType.md",
			"scheme": "https",
			"authority": "github.com"
		}
	},
	"severity": 8,
	"message": "Argument type is unknown\n  Argument corresponds to parameter \"output_dim\" in function \"set_input_output_cells\"",
	"source": "Pylance",
	"startLineNumber": 77,
	"startColumn": 9,
	"endLineNumber": 77,
	"endColumn": 40,
	"modelVersionId": 1,
	"origin": "extHost1"
},{
	"resource": "/f:/Brain-5D/src/main.py",
	"owner": "Pylance",
	"code": {
		"value": "reportUnknownArgumentType",
		"target": {
			"$mid": 1,
			"path": "/microsoft/pylance-release/blob/main/docs/diagnostics/reportUnknownArgumentType.md",
			"scheme": "https",
			"authority": "github.com"
		}
	},
	"severity": 8,
	"message": "Argument type is unknown\n  Argument corresponds to parameter \"output_coord\" in function \"set_input_output_cells\"",
	"source": "Pylance",
	"startLineNumber": 78,
	"startColumn": 9,
	"endLineNumber": 78,
	"endColumn": 41,
	"modelVersionId": 1,
	"origin": "extHost1"
},{
	"resource": "/f:/Brain-5D/src/main.py",
	"owner": "Pylance",
	"code": {
		"value": "reportUnknownArgumentType",
		"target": {
			"$mid": 1,
			"path": "/microsoft/pylance-release/blob/main/docs/diagnostics/reportUnknownArgumentType.md",
			"scheme": "https",
			"authority": "github.com"
		}
	},
	"severity": 8,
	"message": "Argument type is unknown\n  Argument corresponds to parameter \"x\" in function \"__new__\"",
	"source": "Pylance",
	"startLineNumber": 81,
	"startColumn": 13,
	"endLineNumber": 81,
	"endColumn": 64,
	"modelVersionId": 1,
	"origin": "extHost1"
},{
	"resource": "/f:/Brain-5D/src/main.py",
	"owner": "Pylance",
	"code": {
		"value": "reportUnknownArgumentType",
		"target": {
			"$mid": 1,
			"path": "/microsoft/pylance-release/blob/main/docs/diagnostics/reportUnknownArgumentType.md",
			"scheme": "https",
			"authority": "github.com"
		}
	},
	"severity": 8,
	"message": "Argument type is unknown\n  Argument corresponds to parameter \"x\" in function \"__new__\"",
	"source": "Pylance",
	"startLineNumber": 82,
	"startColumn": 15,
	"endLineNumber": 82,
	"endColumn": 52,
	"modelVersionId": 1,
	"origin": "extHost1"
},{
	"resource": "/f:/Brain-5D/src/main.py",
	"owner": "Pylance",
	"code": {
		"value": "reportGeneralTypeIssues",
		"target": {
			"$mid": 1,
			"path": "/microsoft/pylance-release/blob/main/docs/diagnostics/reportGeneralTypeIssues.md",
			"scheme": "https",
			"authority": "github.com"
		}
	},
	"severity": 8,
	"message": "Could not access item in TypedDict\n  \"visualization\" is not a defined key in \"ConfigDict\"",
	"source": "Pylance",
	"startLineNumber": 98,
	"startColumn": 9,
	"endLineNumber": 98,
	"endColumn": 32,
	"modelVersionId": 1,
	"origin": "extHost1"
},{
	"resource": "/f:/Brain-5D/src/main.py",
	"owner": "Pylance",
	"code": {
		"value": "reportArgumentType",
		"target": {
			"$mid": 1,
			"path": "/microsoft/pylance-release/blob/main/docs/diagnostics/reportArgumentType.md",
			"scheme": "https",
			"authority": "github.com"
		}
	},
	"severity": 8,
	"message": "Argument of type \"ConfigDict\" cannot be assigned to parameter \"config\" of type \"dict[Unknown, Unknown]\" in function \"build_network\"\n  \"ConfigDict\" is not assignable to \"dict[Unknown, Unknown]\"",
	"source": "Pylance",
	"startLineNumber": 100,
	"startColumn": 34,
	"endLineNumber": 100,
	"endColumn": 40,
	"modelVersionId": 1,
	"origin": "extHost1"
},{
	"resource": "/f:/Brain-5D/src/main.py",
	"owner": "Pylance",
	"code": {
		"value": "reportUnknownVariableType",
		"target": {
			"$mid": 1,
			"path": "/microsoft/pylance-release/blob/main/docs/diagnostics/reportUnknownVariableType.md",
			"scheme": "https",
			"authority": "github.com"
		}
	},
	"severity": 8,
	"message": "Type of \"health\" is partially unknown\n  Type of \"health\" is \"dict[Unknown, Unknown]\"",
	"source": "Pylance",
	"startLineNumber": 108,
	"startColumn": 5,
	"endLineNumber": 108,
	"endColumn": 11,
	"modelVersionId": 1,
	"origin": "extHost1"
},{
	"resource": "/f:/Brain-5D/src/main.py",
	"owner": "Pylance",
	"code": {
		"value": "reportUnknownMemberType",
		"target": {
			"$mid": 1,
			"path": "/microsoft/pylance-release/blob/main/docs/diagnostics/reportUnknownMemberType.md",
			"scheme": "https",
			"authority": "github.com"
		}
	},
	"severity": 8,
	"message": "Type of \"analyze\" is partially unknown\n  Type of \"analyze\" is \"() -> dict[Unknown, Unknown]\"",
	"source": "Pylance",
	"startLineNumber": 108,
	"startColumn": 14,
	"endLineNumber": 108,
	"endColumn": 45,
	"modelVersionId": 1,
	"origin": "extHost1"
},{
	"resource": "/f:/Brain-5D/src/main.py",
	"owner": "Pylance",
	"code": {
		"value": "reportArgumentType",
		"target": {
			"$mid": 1,
			"path": "/microsoft/pylance-release/blob/main/docs/diagnostics/reportArgumentType.md",
			"scheme": "https",
			"authority": "github.com"
		}
	},
	"severity": 8,
	"message": "Argument of type \"ConfigDict\" cannot be assigned to parameter \"config\" of type \"dict[Unknown, Unknown]\" in function \"__init__\"\n  \"ConfigDict\" is not assignable to \"dict[Unknown, Unknown]\"",
	"source": "Pylance",
	"startLineNumber": 109,
	"startColumn": 31,
	"endLineNumber": 109,
	"endColumn": 37,
	"modelVersionId": 1,
	"origin": "extHost1"
},{
	"resource": "/f:/Brain-5D/src/main.py",
	"owner": "Pylance",
	"code": {
		"value": "reportGeneralTypeIssues",
		"target": {
			"$mid": 1,
			"path": "/microsoft/pylance-release/blob/main/docs/diagnostics/reportGeneralTypeIssues.md",
			"scheme": "https",
			"authority": "github.com"
		}
	},
	"severity": 8,
	"message": "Could not access item in TypedDict\n  \"telemetry\" is not a defined key in \"ConfigDict\"",
	"source": "Pylance",
	"startLineNumber": 110,
	"startColumn": 27,
	"endLineNumber": 110,
	"endColumn": 46,
	"modelVersionId": 1,
	"origin": "extHost1"
},{
	"resource": "/f:/Brain-5D/src/main.py",
	"owner": "Pylance",
	"code": {
		"value": "reportUnknownArgumentType",
		"target": {
			"$mid": 1,
			"path": "/microsoft/pylance-release/blob/main/docs/diagnostics/reportUnknownArgumentType.md",
			"scheme": "https",
			"authority": "github.com"
		}
	},
	"severity": 8,
	"message": "Argument type is unknown\n  Argument corresponds to parameter \"x\" in function \"__new__\"",
	"source": "Pylance",
	"startLineNumber": 110,
	"startColumn": 27,
	"endLineNumber": 110,
	"endColumn": 63,
	"modelVersionId": 1,
	"origin": "extHost1"
},{
	"resource": "/f:/Brain-5D/src/main.py",
	"owner": "Pylance",
	"code": {
		"value": "reportGeneralTypeIssues",
		"target": {
			"$mid": 1,
			"path": "/microsoft/pylance-release/blob/main/docs/diagnostics/reportGeneralTypeIssues.md",
			"scheme": "https",
			"authority": "github.com"
		}
	},
	"severity": 8,
	"message": "Could not access item in TypedDict\n  \"telemetry\" is not a defined key in \"ConfigDict\"",
	"source": "Pylance",
	"startLineNumber": 111,
	"startColumn": 38,
	"endLineNumber": 111,
	"endColumn": 57,
	"modelVersionId": 1,
	"origin": "extHost1"
},{
	"resource": "/f:/Brain-5D/src/main.py",
	"owner": "Pylance",
	"code": {
		"value": "reportUnknownArgumentType",
		"target": {
			"$mid": 1,
			"path": "/microsoft/pylance-release/blob/main/docs/diagnostics/reportUnknownArgumentType.md",
			"scheme": "https",
			"authority": "github.com"
		}
	},
	"severity": 8,
	"message": "Argument type is unknown\n  Argument corresponds to parameter \"x\" in function \"__new__\"",
	"source": "Pylance",
	"startLineNumber": 111,
	"startColumn": 38,
	"endLineNumber": 111,
	"endColumn": 80,
	"modelVersionId": 1,
	"origin": "extHost1"
},{
	"resource": "/f:/Brain-5D/src/main.py",
	"owner": "Pylance",
	"code": {
		"value": "reportUnknownVariableType",
		"target": {
			"$mid": 1,
			"path": "/microsoft/pylance-release/blob/main/docs/diagnostics/reportUnknownVariableType.md",
			"scheme": "https",
			"authority": "github.com"
		}
	},
	"severity": 8,
	"message": "Type of \"diag_target\" is partially unknown\n  Type of \"diag_target\" is \"tuple[Unknown, ...]\"",
	"source": "Pylance",
	"startLineNumber": 114,
	"startColumn": 5,
	"endLineNumber": 114,
	"endColumn": 16,
	"modelVersionId": 1,
	"origin": "extHost1"
},{
	"resource": "/f:/Brain-5D/src/main.py",
	"owner": "Pylance",
	"code": {
		"value": "reportGeneralTypeIssues",
		"target": {
			"$mid": 1,
			"path": "/microsoft/pylance-release/blob/main/docs/diagnostics/reportGeneralTypeIssues.md",
			"scheme": "https",
			"authority": "github.com"
		}
	},
	"severity": 8,
	"message": "Could not access item in TypedDict\n  \"diagnostics\" is not a defined key in \"ConfigDict\"",
	"source": "Pylance",
	"startLineNumber": 114,
	"startColumn": 25,
	"endLineNumber": 114,
	"endColumn": 46,
	"modelVersionId": 1,
	"origin": "extHost1"
},{
	"resource": "/f:/Brain-5D/src/main.py",
	"owner": "Pylance",
	"code": {
		"value": "reportUnknownArgumentType",
		"target": {
			"$mid": 1,
			"path": "/microsoft/pylance-release/blob/main/docs/diagnostics/reportUnknownArgumentType.md",
			"scheme": "https",
			"authority": "github.com"
		}
	},
	"severity": 8,
	"message": "Argument type is unknown\n  Argument corresponds to parameter \"iterable\" in function \"__new__\"",
	"source": "Pylance",
	"startLineNumber": 114,
	"startColumn": 25,
	"endLineNumber": 114,
	"endColumn": 62,
	"modelVersionId": 1,
	"origin": "extHost1"
},{
	"resource": "/f:/Brain-5D/src/main.py",
	"owner": "Pylance",
	"code": {
		"value": "reportGeneralTypeIssues",
		"target": {
			"$mid": 1,
			"path": "/microsoft/pylance-release/blob/main/docs/diagnostics/reportGeneralTypeIssues.md",
			"scheme": "https",
			"authority": "github.com"
		}
	},
	"severity": 8,
	"message": "Could not access item in TypedDict\n  \"visualization\" is not a defined key in \"ConfigDict\"",
	"source": "Pylance",
	"startLineNumber": 123,
	"startColumn": 8,
	"endLineNumber": 123,
	"endColumn": 31,
	"modelVersionId": 1,
	"origin": "extHost1"
},{
	"resource": "/f:/Brain-5D/src/main.py",
	"owner": "Pylance",
	"code": {
		"value": "reportUnknownMemberType",
		"target": {
			"$mid": 1,
			"path": "/microsoft/pylance-release/blob/main/docs/diagnostics/reportUnknownMemberType.md",
			"scheme": "https",
			"authority": "github.com"
		}
	},
	"severity": 8,
	"message": "Type of \"get\" is unknown",
	"source": "Pylance",
	"startLineNumber": 123,
	"startColumn": 8,
	"endLineNumber": 123,
	"endColumn": 35,
	"modelVersionId": 1,
	"origin": "extHost1"
},{
	"resource": "/f:/Brain-5D/src/main.py",
	"owner": "Pylance",
	"code": {
		"value": "reportArgumentType",
		"target": {
			"$mid": 1,
			"path": "/microsoft/pylance-release/blob/main/docs/diagnostics/reportArgumentType.md",
			"scheme": "https",
			"authority": "github.com"
		}
	},
	"severity": 8,
	"message": "Argument of type \"ConfigDict\" cannot be assigned to parameter \"config\" of type \"dict[str, Any]\" in function \"__init__\"\n  \"ConfigDict\" is not assignable to \"dict[str, Any]\"",
	"source": "Pylance",
	"startLineNumber": 126,
	"startColumn": 44,
	"endLineNumber": 126,
	"endColumn": 50,
	"modelVersionId": 1,
	"origin": "extHost1"
},{
	"resource": "/f:/Brain-5D/src/main.py",
	"owner": "Pylance",
	"code": {
		"value": "reportArgumentType",
		"target": {
			"$mid": 1,
			"path": "/microsoft/pylance-release/blob/main/docs/diagnostics/reportArgumentType.md",
			"scheme": "https",
			"authority": "github.com"
		}
	},
	"severity": 8,
	"message": "Argument of type \"ConfigDict\" cannot be assigned to parameter \"config\" of type \"Dict[str, Any]\" in function \"__init__\"\n  \"ConfigDict\" is not assignable to \"Dict[str, Any]\"",
	"source": "Pylance",
	"startLineNumber": 138,
	"startColumn": 23,
	"endLineNumber": 138,
	"endColumn": 29,
	"modelVersionId": 1,
	"origin": "extHost1"
},{
	"resource": "/f:/Brain-5D/src/main.py",
	"owner": "Pylance",
	"code": {
		"value": "reportUnknownArgumentType",
		"target": {
			"$mid": 1,
			"path": "/microsoft/pylance-release/blob/main/docs/diagnostics/reportUnknownArgumentType.md",
			"scheme": "https",
			"authority": "github.com"
		}
	},
	"severity": 8,
	"message": "Argument type is partially unknown\n  Argument corresponds to parameter \"topology_data\" in function \"save_topology\"\n  Argument type is \"dict[Unknown, Unknown]\"",
	"source": "Pylance",
	"startLineNumber": 139,
	"startColumn": 33,
	"endLineNumber": 139,
	"endColumn": 39,
	"modelVersionId": 1,
	"origin": "extHost1"
},{
	"resource": "/f:/Brain-5D/src/main.py",
	"owner": "Pylance",
	"code": {
		"value": "reportTypedDictNotRequiredAccess",
		"target": {
			"$mid": 1,
			"path": "/microsoft/pylance-release/blob/main/docs/diagnostics/reportTypedDictNotRequiredAccess.md",
			"scheme": "https",
			"authority": "github.com"
		}
	},
	"severity": 8,
	"message": "Could not access item in TypedDict\n  \"simulation\" is not a required key in \"ConfigDict\", so access may result in runtime exception",
	"source": "Pylance",
	"startLineNumber": 140,
	"startColumn": 28,
	"endLineNumber": 140,
	"endColumn": 48,
	"modelVersionId": 1,
	"origin": "extHost1"
},{
	"resource": "/f:/Brain-5D/src/main.py",
	"owner": "Pylance",
	"code": {
		"value": "reportGeneralTypeIssues",
		"target": {
			"$mid": 1,
			"path": "/microsoft/pylance-release/blob/main/docs/diagnostics/reportGeneralTypeIssues.md",
			"scheme": "https",
			"authority": "github.com"
		}
	},
	"severity": 8,
	"message": "Could not access item in TypedDict\n  \"ticks\" is not a defined key in \"SimulationConfig\"",
	"source": "Pylance",
	"startLineNumber": 140,
	"startColumn": 28,
	"endLineNumber": 140,
	"endColumn": 57,
	"modelVersionId": 1,
	"origin": "extHost1"
},{
	"resource": "/f:/Brain-5D/src/main.py",
	"owner": "Pylance",
	"code": {
		"value": "reportUnknownArgumentType",
		"target": {
			"$mid": 1,
			"path": "/microsoft/pylance-release/blob/main/docs/diagnostics/reportUnknownArgumentType.md",
			"scheme": "https",
			"authority": "github.com"
		}
	},
	"severity": 8,
	"message": "Argument type is unknown\n  Argument corresponds to parameter \"x\" in function \"__new__\"",
	"source": "Pylance",
	"startLineNumber": 140,
	"startColumn": 28,
	"endLineNumber": 140,
	"endColumn": 57,
	"modelVersionId": 1,
	"origin": "extHost1"
},{
	"resource": "/f:/Brain-5D/src/main.py",
	"owner": "Pylance",
	"code": {
		"value": "reportUnknownMemberType",
		"target": {
			"$mid": 1,
			"path": "/microsoft/pylance-release/blob/main/docs/diagnostics/reportUnknownMemberType.md",
			"scheme": "https",
			"authority": "github.com"
		}
	},
	"severity": 8,
	"message": "Type of \"apply\" is partially unknown\n  Type of \"apply\" is \"(network: Unknown, tick: int) -> StimulusResult\"",
	"source": "Pylance",
	"startLineNumber": 141,
	"startColumn": 20,
	"endLineNumber": 141,
	"endColumn": 34,
	"modelVersionId": 1,
	"origin": "extHost1"
},{
	"resource": "/f:/Brain-5D/src/main.py",
	"owner": "Pylance",
	"code": {
		"value": "reportUnknownMemberType",
		"target": {
			"$mid": 1,
			"path": "/microsoft/pylance-release/blob/main/docs/diagnostics/reportUnknownMemberType.md",
			"scheme": "https",
			"authority": "github.com"
		}
	},
	"severity": 8,
	"message": "Type of \"append_from_stepresult\" is partially unknown\n  Type of \"append_from_stepresult\" is \"(result: Unknown) -> None\"",
	"source": "Pylance",
	"startLineNumber": 153,
	"startColumn": 13,
	"endLineNumber": 153,
	"endColumn": 43,
	"modelVersionId": 1,
	"origin": "extHost1"
},{
	"resource": "/f:/Brain-5D/src/main.py",
	"owner": "Pylance",
	"code": {
		"value": "reportUnknownVariableType",
		"target": {
			"$mid": 1,
			"path": "/microsoft/pylance-release/blob/main/docs/diagnostics/reportUnknownVariableType.md",
			"scheme": "https",
			"authority": "github.com"
		}
	},
	"severity": 8,
	"message": "Type of \"metric\" is unknown",
	"source": "Pylance",
	"startLineNumber": 156,
	"startColumn": 13,
	"endLineNumber": 156,
	"endColumn": 19,
	"modelVersionId": 1,
	"origin": "extHost1"
},{
	"resource": "/f:/Brain-5D/src/main.py",
	"owner": "Pylance",
	"code": {
		"value": "reportUnknownArgumentType",
		"target": {
			"$mid": 1,
			"path": "/microsoft/pylance-release/blob/main/docs/diagnostics/reportUnknownArgumentType.md",
			"scheme": "https",
			"authority": "github.com"
		}
	},
	"severity": 8,
	"message": "Argument type is unknown\n  Argument corresponds to parameter \"metric_dict\" in function \"log_metrics\"",
	"source": "Pylance",
	"startLineNumber": 157,
	"startColumn": 35,
	"endLineNumber": 157,
	"endColumn": 41,
	"modelVersionId": 1,
	"origin": "extHost1"
},{
	"resource": "/f:/Brain-5D/src/main.py",
	"owner": "Pylance",
	"code": {
		"value": "reportGeneralTypeIssues",
		"target": {
			"$mid": 1,
			"path": "/microsoft/pylance-release/blob/main/docs/diagnostics/reportGeneralTypeIssues.md",
			"scheme": "https",
			"authority": "github.com"
		}
	},
	"severity": 8,
	"message": "Could not access item in TypedDict\n  \"visualization\" is not a defined key in \"ConfigDict\"",
	"source": "Pylance",
	"startLineNumber": 165,
	"startColumn": 23,
	"endLineNumber": 165,
	"endColumn": 46,
	"modelVersionId": 1,
	"origin": "extHost1"
},{
	"resource": "/f:/Brain-5D/src/main.py",
	"owner": "Pylance",
	"code": {
		"value": "reportUnknownArgumentType",
		"target": {
			"$mid": 1,
			"path": "/microsoft/pylance-release/blob/main/docs/diagnostics/reportUnknownArgumentType.md",
			"scheme": "https",
			"authority": "github.com"
		}
	},
	"severity": 8,
	"message": "Argument type is unknown\n  Argument corresponds to parameter \"x\" in function \"__new__\"",
	"source": "Pylance",
	"startLineNumber": 165,
	"startColumn": 23,
	"endLineNumber": 165,
	"endColumn": 72,
	"modelVersionId": 1,
	"origin": "extHost1"
},{
	"resource": "/f:/Brain-5D/src/main.py",
	"owner": "Pylance",
	"code": {
		"value": "reportGeneralTypeIssues",
		"target": {
			"$mid": 1,
			"path": "/microsoft/pylance-release/blob/main/docs/diagnostics/reportGeneralTypeIssues.md",
			"scheme": "https",
			"authority": "github.com"
		}
	},
	"severity": 8,
	"message": "Could not access item in TypedDict\n  \"logging\" is not a defined key in \"ConfigDict\"",
	"source": "Pylance",
	"startLineNumber": 169,
	"startColumn": 40,
	"endLineNumber": 169,
	"endColumn": 57,
	"modelVersionId": 1,
	"origin": "extHost1"
},{
	"resource": "/f:/Brain-5D/src/main.py",
	"owner": "Pylance",
	"code": {
		"value": "reportUnknownArgumentType",
		"target": {
			"$mid": 1,
			"path": "/microsoft/pylance-release/blob/main/docs/diagnostics/reportUnknownArgumentType.md",
			"scheme": "https",
			"authority": "github.com"
		}
	},
	"severity": 8,
	"message": "Argument type is unknown\n  Argument corresponds to parameter \"x\" in function \"__new__\"",
	"source": "Pylance",
	"startLineNumber": 169,
	"startColumn": 40,
	"endLineNumber": 169,
	"endColumn": 75,
	"modelVersionId": 1,
	"origin": "extHost1"
},{
	"resource": "/f:/Brain-5D/src/main.py",
	"owner": "Pylance",
	"code": {
		"value": "reportUnknownVariableType",
		"target": {
			"$mid": 1,
			"path": "/microsoft/pylance-release/blob/main/docs/diagnostics/reportUnknownVariableType.md",
			"scheme": "https",
			"authority": "github.com"
		}
	},
	"severity": 8,
	"message": "Type of \"summary\" is partially unknown\n  Type of \"summary\" is \"dict[str, Unknown | int | dict[Unknown, Unknown] | dict[str, Any]]\"",
	"source": "Pylance",
	"startLineNumber": 178,
	"startColumn": 9,
	"endLineNumber": 178,
	"endColumn": 16,
	"modelVersionId": 1,
	"origin": "extHost1"
},{
	"resource": "/f:/Brain-5D/src/main.py",
	"owner": "Pylance",
	"code": {
		"value": "reportGeneralTypeIssues",
		"target": {
			"$mid": 1,
			"path": "/microsoft/pylance-release/blob/main/docs/diagnostics/reportGeneralTypeIssues.md",
			"scheme": "https",
			"authority": "github.com"
		}
	},
	"severity": 8,
	"message": "Could not access item in TypedDict\n  \"seed\" is not a defined key in \"ConfigDict\"",
	"source": "Pylance",
	"startLineNumber": 179,
	"startColumn": 21,
	"endLineNumber": 179,
	"endColumn": 35,
	"modelVersionId": 1,
	"origin": "extHost1"
},{
	"resource": "/f:/Brain-5D/src/main.py",
	"owner": "Pylance",
	"code": {
		"value": "reportTypedDictNotRequiredAccess",
		"target": {
			"$mid": 1,
			"path": "/microsoft/pylance-release/blob/main/docs/diagnostics/reportTypedDictNotRequiredAccess.md",
			"scheme": "https",
			"authority": "github.com"
		}
	},
	"severity": 8,
	"message": "Could not access item in TypedDict\n  \"simulation\" is not a required key in \"ConfigDict\", so access may result in runtime exception",
	"source": "Pylance",
	"startLineNumber": 180,
	"startColumn": 22,
	"endLineNumber": 180,
	"endColumn": 42,
	"modelVersionId": 1,
	"origin": "extHost1"
},{
	"resource": "/f:/Brain-5D/src/main.py",
	"owner": "Pylance",
	"code": {
		"value": "reportGeneralTypeIssues",
		"target": {
			"$mid": 1,
			"path": "/microsoft/pylance-release/blob/main/docs/diagnostics/reportGeneralTypeIssues.md",
			"scheme": "https",
			"authority": "github.com"
		}
	},
	"severity": 8,
	"message": "Could not access item in TypedDict\n  \"ticks\" is not a defined key in \"SimulationConfig\"",
	"source": "Pylance",
	"startLineNumber": 180,
	"startColumn": 22,
	"endLineNumber": 180,
	"endColumn": 51,
	"modelVersionId": 1,
	"origin": "extHost1"
},{
	"resource": "/f:/Brain-5D/src/main.py",
	"owner": "Pylance",
	"code": {
		"value": "reportUnknownArgumentType",
		"target": {
			"$mid": 1,
			"path": "/microsoft/pylance-release/blob/main/docs/diagnostics/reportUnknownArgumentType.md",
			"scheme": "https",
			"authority": "github.com"
		}
	},
	"severity": 8,
	"message": "Argument type is partially unknown\n  Argument corresponds to parameter \"summary\" in function \"save_summary\"\n  Argument type is \"dict[str, Unknown | int | dict[Unknown, Unknown] | dict[str, Any]]\"",
	"source": "Pylance",
	"startLineNumber": 200,
	"startColumn": 32,
	"endLineNumber": 200,
	"endColumn": 39,
	"modelVersionId": 1,
	"origin": "extHost1"
},{
	"resource": "/f:/Brain-5D/src/learning/stdp_plugin.py",
	"owner": "Pylance",
	"code": {
		"value": "reportUnnecessaryIsInstance",
		"target": {
			"$mid": 1,
			"path": "/microsoft/pylance-release/blob/main/docs/diagnostics/reportUnnecessaryIsInstance.md",
			"scheme": "https",
			"authority": "github.com"
		}
	},
	"severity": 8,
	"message": "Unnecessary isinstance call; \"int\" is always an instance of \"int\"",
	"source": "Pylance",
	"startLineNumber": 138,
	"startColumn": 16,
	"endLineNumber": 138,
	"endColumn": 37,
	"modelVersionId": 1,
	"origin": "extHost1"
},{
	"resource": "/f:/Brain-5D/src/learning/learning_engine.py",
	"owner": "Pylance",
	"code": {
		"value": "reportUnknownMemberType",
		"target": {
			"$mid": 1,
			"path": "/microsoft/pylance-release/blob/main/docs/diagnostics/reportUnknownMemberType.md",
			"scheme": "https",
			"authority": "github.com"
		}
	},
	"severity": 8,
	"message": "Type of \"get\" is partially unknown\n  Type of \"get\" is \"Overload[(key: Unknown, /) -> (Unknown | None), (key: Unknown, default: Unknown, /) -> Unknown, (key: Unknown, default: _T@get, /) -> (Unknown | _T@get)]\"",
	"source": "Pylance",
	"startLineNumber": 59,
	"startColumn": 31,
	"endLineNumber": 59,
	"endColumn": 39,
	"modelVersionId": 1,
	"origin": "extHost1"
},{
	"resource": "/f:/Brain-5D/src/learning/learning_engine.py",
	"owner": "Pylance",
	"code": {
		"value": "reportUnknownArgumentType",
		"target": {
			"$mid": 1,
			"path": "/microsoft/pylance-release/blob/main/docs/diagnostics/reportUnknownArgumentType.md",
			"scheme": "https",
			"authority": "github.com"
		}
	},
	"severity": 8,
	"message": "Argument type is unknown\n  Argument corresponds to parameter \"o\" in function \"__new__\"",
	"source": "Pylance",
	"startLineNumber": 59,
	"startColumn": 31,
	"endLineNumber": 59,
	"endColumn": 57,
	"modelVersionId": 1,
	"origin": "extHost1"
},{
	"resource": "/f:/Brain-5D/src/learning/learning_engine.py",
	"owner": "Pylance",
	"code": {
		"value": "reportUnknownMemberType",
		"target": {
			"$mid": 1,
			"path": "/microsoft/pylance-release/blob/main/docs/diagnostics/reportUnknownMemberType.md",
			"scheme": "https",
			"authority": "github.com"
		}
	},
	"severity": 8,
	"message": "Type of \"get\" is partially unknown\n  Type of \"get\" is \"Overload[(key: Unknown, /) -> (Unknown | None), (key: Unknown, default: Unknown, /) -> Unknown, (key: Unknown, default: _T@get, /) -> (Unknown | _T@get)]\"",
	"source": "Pylance",
	"startLineNumber": 60,
	"startColumn": 26,
	"endLineNumber": 60,
	"endColumn": 34,
	"modelVersionId": 1,
	"origin": "extHost1"
},{
	"resource": "/f:/Brain-5D/src/learning/learning_engine.py",
	"owner": "Pylance",
	"code": {
		"value": "reportUnknownArgumentType",
		"target": {
			"$mid": 1,
			"path": "/microsoft/pylance-release/blob/main/docs/diagnostics/reportUnknownArgumentType.md",
			"scheme": "https",
			"authority": "github.com"
		}
	},
	"severity": 8,
	"message": "Argument type is unknown\n  Argument corresponds to parameter \"x\" in function \"__new__\"",
	"source": "Pylance",
	"startLineNumber": 60,
	"startColumn": 26,
	"endLineNumber": 60,
	"endColumn": 49,
	"modelVersionId": 1,
	"origin": "extHost1"
},{
	"resource": "/f:/Brain-5D/src/learning/learning_engine.py",
	"owner": "Pylance",
	"code": {
		"value": "reportUnknownMemberType",
		"target": {
			"$mid": 1,
			"path": "/microsoft/pylance-release/blob/main/docs/diagnostics/reportUnknownMemberType.md",
			"scheme": "https",
			"authority": "github.com"
		}
	},
	"severity": 8,
	"message": "Type of \"get\" is partially unknown\n  Type of \"get\" is \"Overload[(key: Unknown, /) -> (Unknown | None), (key: Unknown, default: Unknown, /) -> Unknown, (key: Unknown, default: _T@get, /) -> (Unknown | _T@get)]\"",
	"source": "Pylance",
	"startLineNumber": 61,
	"startColumn": 27,
	"endLineNumber": 61,
	"endColumn": 35,
	"modelVersionId": 1,
	"origin": "extHost1"
},{
	"resource": "/f:/Brain-5D/src/learning/learning_engine.py",
	"owner": "Pylance",
	"code": {
		"value": "reportUnknownArgumentType",
		"target": {
			"$mid": 1,
			"path": "/microsoft/pylance-release/blob/main/docs/diagnostics/reportUnknownArgumentType.md",
			"scheme": "https",
			"authority": "github.com"
		}
	},
	"severity": 8,
	"message": "Argument type is unknown\n  Argument corresponds to parameter \"x\" in function \"__new__\"",
	"source": "Pylance",
	"startLineNumber": 61,
	"startColumn": 27,
	"endLineNumber": 61,
	"endColumn": 52,
	"modelVersionId": 1,
	"origin": "extHost1"
},{
	"resource": "/f:/Brain-5D/src/learning/learning_engine.py",
	"owner": "Pylance",
	"code": {
		"value": "reportUnknownMemberType",
		"target": {
			"$mid": 1,
			"path": "/microsoft/pylance-release/blob/main/docs/diagnostics/reportUnknownMemberType.md",
			"scheme": "https",
			"authority": "github.com"
		}
	},
	"severity": 8,
	"message": "Type of \"get\" is partially unknown\n  Type of \"get\" is \"Overload[(key: Unknown, /) -> (Unknown | None), (key: Unknown, default: Unknown, /) -> Unknown, (key: Unknown, default: _T@get, /) -> (Unknown | _T@get)]\"",
	"source": "Pylance",
	"startLineNumber": 62,
	"startColumn": 28,
	"endLineNumber": 62,
	"endColumn": 36,
	"modelVersionId": 1,
	"origin": "extHost1"
},{
	"resource": "/f:/Brain-5D/src/learning/learning_engine.py",
	"owner": "Pylance",
	"code": {
		"value": "reportUnknownArgumentType",
		"target": {
			"$mid": 1,
			"path": "/microsoft/pylance-release/blob/main/docs/diagnostics/reportUnknownArgumentType.md",
			"scheme": "https",
			"authority": "github.com"
		}
	},
	"severity": 8,
	"message": "Argument type is unknown\n  Argument corresponds to parameter \"x\" in function \"__new__\"",
	"source": "Pylance",
	"startLineNumber": 62,
	"startColumn": 28,
	"endLineNumber": 62,
	"endColumn": 54,
	"modelVersionId": 1,
	"origin": "extHost1"
},{
	"resource": "/f:/Brain-5D/src/learning/learning_engine.py",
	"owner": "Pylance",
	"code": {
		"value": "reportUnknownMemberType",
		"target": {
			"$mid": 1,
			"path": "/microsoft/pylance-release/blob/main/docs/diagnostics/reportUnknownMemberType.md",
			"scheme": "https",
			"authority": "github.com"
		}
	},
	"severity": 8,
	"message": "Type of \"get\" is partially unknown\n  Type of \"get\" is \"Overload[(key: Unknown, /) -> (Unknown | None), (key: Unknown, default: Unknown, /) -> Unknown, (key: Unknown, default: _T@get, /) -> (Unknown | _T@get)]\"",
	"source": "Pylance",
	"startLineNumber": 63,
	"startColumn": 29,
	"endLineNumber": 63,
	"endColumn": 37,
	"modelVersionId": 1,
	"origin": "extHost1"
},{
	"resource": "/f:/Brain-5D/src/learning/learning_engine.py",
	"owner": "Pylance",
	"code": {
		"value": "reportUnknownArgumentType",
		"target": {
			"$mid": 1,
			"path": "/microsoft/pylance-release/blob/main/docs/diagnostics/reportUnknownArgumentType.md",
			"scheme": "https",
			"authority": "github.com"
		}
	},
	"severity": 8,
	"message": "Argument type is unknown\n  Argument corresponds to parameter \"x\" in function \"__new__\"",
	"source": "Pylance",
	"startLineNumber": 63,
	"startColumn": 29,
	"endLineNumber": 63,
	"endColumn": 56,
	"modelVersionId": 1,
	"origin": "extHost1"
},{
	"resource": "/f:/Brain-5D/src/learning/learning_engine.py",
	"owner": "Pylance",
	"code": {
		"value": "reportUnknownMemberType",
		"target": {
			"$mid": 1,
			"path": "/microsoft/pylance-release/blob/main/docs/diagnostics/reportUnknownMemberType.md",
			"scheme": "https",
			"authority": "github.com"
		}
	},
	"severity": 8,
	"message": "Type of \"get\" is partially unknown\n  Type of \"get\" is \"Overload[(key: Unknown, /) -> (Unknown | None), (key: Unknown, default: Unknown, /) -> Unknown, (key: Unknown, default: _T@get, /) -> (Unknown | _T@get)]\"",
	"source": "Pylance",
	"startLineNumber": 64,
	"startColumn": 30,
	"endLineNumber": 64,
	"endColumn": 38,
	"modelVersionId": 1,
	"origin": "extHost1"
},{
	"resource": "/f:/Brain-5D/src/learning/learning_engine.py",
	"owner": "Pylance",
	"code": {
		"value": "reportUnknownArgumentType",
		"target": {
			"$mid": 1,
			"path": "/microsoft/pylance-release/blob/main/docs/diagnostics/reportUnknownArgumentType.md",
			"scheme": "https",
			"authority": "github.com"
		}
	},
	"severity": 8,
	"message": "Argument type is unknown\n  Argument corresponds to parameter \"x\" in function \"__new__\"",
	"source": "Pylance",
	"startLineNumber": 64,
	"startColumn": 30,
	"endLineNumber": 64,
	"endColumn": 57,
	"modelVersionId": 1,
	"origin": "extHost1"
},{
	"resource": "/f:/Brain-5D/src/learning/learning_engine.py",
	"owner": "Pylance",
	"code": {
		"value": "reportUnknownMemberType",
		"target": {
			"$mid": 1,
			"path": "/microsoft/pylance-release/blob/main/docs/diagnostics/reportUnknownMemberType.md",
			"scheme": "https",
			"authority": "github.com"
		}
	},
	"severity": 8,
	"message": "Type of \"get\" is partially unknown\n  Type of \"get\" is \"Overload[(key: Unknown, /) -> (Unknown | None), (key: Unknown, default: Unknown, /) -> Unknown, (key: Unknown, default: _T@get, /) -> (Unknown | _T@get)]\"",
	"source": "Pylance",
	"startLineNumber": 65,
	"startColumn": 30,
	"endLineNumber": 65,
	"endColumn": 38,
	"modelVersionId": 1,
	"origin": "extHost1"
},{
	"resource": "/f:/Brain-5D/src/learning/learning_engine.py",
	"owner": "Pylance",
	"code": {
		"value": "reportUnknownArgumentType",
		"target": {
			"$mid": 1,
			"path": "/microsoft/pylance-release/blob/main/docs/diagnostics/reportUnknownArgumentType.md",
			"scheme": "https",
			"authority": "github.com"
		}
	},
	"severity": 8,
	"message": "Argument type is unknown\n  Argument corresponds to parameter \"x\" in function \"__new__\"",
	"source": "Pylance",
	"startLineNumber": 65,
	"startColumn": 30,
	"endLineNumber": 65,
	"endColumn": 57,
	"modelVersionId": 1,
	"origin": "extHost1"
},{
	"resource": "/f:/Brain-5D/src/learning/learning_engine.py",
	"owner": "Pylance",
	"code": {
		"value": "reportUnknownMemberType",
		"target": {
			"$mid": 1,
			"path": "/microsoft/pylance-release/blob/main/docs/diagnostics/reportUnknownMemberType.md",
			"scheme": "https",
			"authority": "github.com"
		}
	},
	"severity": 8,
	"message": "Type of \"get\" is partially unknown\n  Type of \"get\" is \"Overload[(key: Unknown, /) -> (Unknown | None), (key: Unknown, default: Unknown, /) -> Unknown, (key: Unknown, default: _T@get, /) -> (Unknown | _T@get)]\"",
	"source": "Pylance",
	"startLineNumber": 66,
	"startColumn": 38,
	"endLineNumber": 66,
	"endColumn": 53,
	"modelVersionId": 1,
	"origin": "extHost1"
},{
	"resource": "/f:/Brain-5D/src/learning/learning_engine.py",
	"owner": "Pylance",
	"code": {
		"value": "reportUnknownArgumentType",
		"target": {
			"$mid": 1,
			"path": "/microsoft/pylance-release/blob/main/docs/diagnostics/reportUnknownArgumentType.md",
			"scheme": "https",
			"authority": "github.com"
		}
	},
	"severity": 8,
	"message": "Argument type is unknown\n  Argument corresponds to parameter \"o\" in function \"__new__\"",
	"source": "Pylance",
	"startLineNumber": 66,
	"startColumn": 38,
	"endLineNumber": 66,
	"endColumn": 71,
	"modelVersionId": 1,
	"origin": "extHost1"
},{
	"resource": "/f:/Brain-5D/src/learning/learning_engine.py",
	"owner": "Pylance",
	"code": {
		"value": "reportUnknownMemberType",
		"target": {
			"$mid": 1,
			"path": "/microsoft/pylance-release/blob/main/docs/diagnostics/reportUnknownMemberType.md",
			"scheme": "https",
			"authority": "github.com"
		}
	},
	"severity": 8,
	"message": "Type of \"get\" is partially unknown\n  Type of \"get\" is \"Overload[(key: Unknown, /) -> (Unknown | None), (key: Unknown, default: Unknown, /) -> Unknown, (key: Unknown, default: _T@get, /) -> (Unknown | _T@get)]\"",
	"source": "Pylance",
	"startLineNumber": 67,
	"startColumn": 41,
	"endLineNumber": 67,
	"endColumn": 56,
	"modelVersionId": 1,
	"origin": "extHost1"
},{
	"resource": "/f:/Brain-5D/src/learning/learning_engine.py",
	"owner": "Pylance",
	"code": {
		"value": "reportUnknownArgumentType",
		"target": {
			"$mid": 1,
			"path": "/microsoft/pylance-release/blob/main/docs/diagnostics/reportUnknownArgumentType.md",
			"scheme": "https",
			"authority": "github.com"
		}
	},
	"severity": 8,
	"message": "Argument type is unknown\n  Argument corresponds to parameter \"x\" in function \"__new__\"",
	"source": "Pylance",
	"startLineNumber": 67,
	"startColumn": 41,
	"endLineNumber": 67,
	"endColumn": 76,
	"modelVersionId": 1,
	"origin": "extHost1"
},{
	"resource": "/f:/Brain-5D/src/learning/learning_engine.py",
	"owner": "Pylance",
	"code": {
		"value": "reportUnknownMemberType",
		"target": {
			"$mid": 1,
			"path": "/microsoft/pylance-release/blob/main/docs/diagnostics/reportUnknownMemberType.md",
			"scheme": "https",
			"authority": "github.com"
		}
	},
	"severity": 8,
	"message": "Type of \"get\" is partially unknown\n  Type of \"get\" is \"Overload[(key: Unknown, /) -> (Unknown | None), (key: Unknown, default: Unknown, /) -> Unknown, (key: Unknown, default: _T@get, /) -> (Unknown | _T@get)]\"",
	"source": "Pylance",
	"startLineNumber": 68,
	"startColumn": 33,
	"endLineNumber": 68,
	"endColumn": 43,
	"modelVersionId": 1,
	"origin": "extHost1"
},{
	"resource": "/f:/Brain-5D/src/learning/learning_engine.py",
	"owner": "Pylance",
	"code": {
		"value": "reportUnknownArgumentType",
		"target": {
			"$mid": 1,
			"path": "/microsoft/pylance-release/blob/main/docs/diagnostics/reportUnknownArgumentType.md",
			"scheme": "https",
			"authority": "github.com"
		}
	},
	"severity": 8,
	"message": "Argument type is unknown\n  Argument corresponds to parameter \"o\" in function \"__new__\"",
	"source": "Pylance",
	"startLineNumber": 68,
	"startColumn": 33,
	"endLineNumber": 68,
	"endColumn": 61,
	"modelVersionId": 1,
	"origin": "extHost1"
},{
	"resource": "/f:/Brain-5D/src/learning/learning_engine.py",
	"owner": "Pylance",
	"code": {
		"value": "reportUnknownMemberType",
		"target": {
			"$mid": 1,
			"path": "/microsoft/pylance-release/blob/main/docs/diagnostics/reportUnknownMemberType.md",
			"scheme": "https",
			"authority": "github.com"
		}
	},
	"severity": 8,
	"message": "Type of \"get\" is partially unknown\n  Type of \"get\" is \"Overload[(key: Unknown, /) -> (Unknown | None), (key: Unknown, default: Unknown, /) -> Unknown, (key: Unknown, default: _T@get, /) -> (Unknown | _T@get)]\"",
	"source": "Pylance",
	"startLineNumber": 69,
	"startColumn": 40,
	"endLineNumber": 69,
	"endColumn": 50,
	"modelVersionId": 1,
	"origin": "extHost1"
},{
	"resource": "/f:/Brain-5D/src/learning/learning_engine.py",
	"owner": "Pylance",
	"code": {
		"value": "reportUnknownArgumentType",
		"target": {
			"$mid": 1,
			"path": "/microsoft/pylance-release/blob/main/docs/diagnostics/reportUnknownArgumentType.md",
			"scheme": "https",
			"authority": "github.com"
		}
	},
	"severity": 8,
	"message": "Argument type is unknown\n  Argument corresponds to parameter \"x\" in function \"__new__\"",
	"source": "Pylance",
	"startLineNumber": 69,
	"startColumn": 40,
	"endLineNumber": 69,
	"endColumn": 73,
	"modelVersionId": 1,
	"origin": "extHost1"
},{
	"resource": "/f:/Brain-5D/src/learning/learning_engine.py",
	"owner": "Pylance",
	"code": {
		"value": "reportUnknownMemberType",
		"target": {
			"$mid": 1,
			"path": "/microsoft/pylance-release/blob/main/docs/diagnostics/reportUnknownMemberType.md",
			"scheme": "https",
			"authority": "github.com"
		}
	},
	"severity": 8,
	"message": "Type of \"get\" is partially unknown\n  Type of \"get\" is \"Overload[(key: Unknown, /) -> (Unknown | None), (key: Unknown, default: Unknown, /) -> Unknown, (key: Unknown, default: _T@get, /) -> (Unknown | _T@get)]\"",
	"source": "Pylance",
	"startLineNumber": 70,
	"startColumn": 36,
	"endLineNumber": 70,
	"endColumn": 46,
	"modelVersionId": 1,
	"origin": "extHost1"
},{
	"resource": "/f:/Brain-5D/src/learning/learning_engine.py",
	"owner": "Pylance",
	"code": {
		"value": "reportUnknownArgumentType",
		"target": {
			"$mid": 1,
			"path": "/microsoft/pylance-release/blob/main/docs/diagnostics/reportUnknownArgumentType.md",
			"scheme": "https",
			"authority": "github.com"
		}
	},
	"severity": 8,
	"message": "Argument type is unknown\n  Argument corresponds to parameter \"x\" in function \"__new__\"",
	"source": "Pylance",
	"startLineNumber": 70,
	"startColumn": 36,
	"endLineNumber": 70,
	"endColumn": 64,
	"modelVersionId": 1,
	"origin": "extHost1"
},{
	"resource": "/f:/Brain-5D/src/learning/learning_engine.py",
	"owner": "Pylance",
	"code": {
		"value": "reportUnknownMemberType",
		"target": {
			"$mid": 1,
			"path": "/microsoft/pylance-release/blob/main/docs/diagnostics/reportUnknownMemberType.md",
			"scheme": "https",
			"authority": "github.com"
		}
	},
	"severity": 8,
	"message": "Type of \"get\" is partially unknown\n  Type of \"get\" is \"Overload[(key: Unknown, /) -> (Unknown | None), (key: Unknown, default: Unknown, /) -> Unknown, (key: Unknown, default: _T@get, /) -> (Unknown | _T@get)]\"",
	"source": "Pylance",
	"startLineNumber": 71,
	"startColumn": 39,
	"endLineNumber": 71,
	"endColumn": 49,
	"modelVersionId": 1,
	"origin": "extHost1"
},{
	"resource": "/f:/Brain-5D/src/learning/learning_engine.py",
	"owner": "Pylance",
	"code": {
		"value": "reportUnknownArgumentType",
		"target": {
			"$mid": 1,
			"path": "/microsoft/pylance-release/blob/main/docs/diagnostics/reportUnknownArgumentType.md",
			"scheme": "https",
			"authority": "github.com"
		}
	},
	"severity": 8,
	"message": "Argument type is unknown\n  Argument corresponds to parameter \"o\" in function \"__new__\"",
	"source": "Pylance",
	"startLineNumber": 71,
	"startColumn": 39,
	"endLineNumber": 71,
	"endColumn": 72,
	"modelVersionId": 1,
	"origin": "extHost1"
},{
	"resource": "/f:/Brain-5D/src/learning/learning_engine.py",
	"owner": "Pylance",
	"code": {
		"value": "reportUnknownMemberType",
		"target": {
			"$mid": 1,
			"path": "/microsoft/pylance-release/blob/main/docs/diagnostics/reportUnknownMemberType.md",
			"scheme": "https",
			"authority": "github.com"
		}
	},
	"severity": 8,
	"message": "Type of \"get\" is partially unknown\n  Type of \"get\" is \"Overload[(key: Unknown, /) -> (Unknown | None), (key: Unknown, default: Unknown, /) -> Unknown, (key: Unknown, default: _T@get, /) -> (Unknown | _T@get)]\"",
	"source": "Pylance",
	"startLineNumber": 72,
	"startColumn": 37,
	"endLineNumber": 72,
	"endColumn": 47,
	"modelVersionId": 1,
	"origin": "extHost1"
},{
	"resource": "/f:/Brain-5D/src/learning/learning_engine.py",
	"owner": "Pylance",
	"code": {
		"value": "reportUnknownArgumentType",
		"target": {
			"$mid": 1,
			"path": "/microsoft/pylance-release/blob/main/docs/diagnostics/reportUnknownArgumentType.md",
			"scheme": "https",
			"authority": "github.com"
		}
	},
	"severity": 8,
	"message": "Argument type is unknown\n  Argument corresponds to parameter \"o\" in function \"__new__\"",
	"source": "Pylance",
	"startLineNumber": 72,
	"startColumn": 37,
	"endLineNumber": 72,
	"endColumn": 82,
	"modelVersionId": 1,
	"origin": "extHost1"
},{
	"resource": "/f:/Brain-5D/src/learning/learning_engine.py",
	"owner": "Pylance",
	"code": {
		"value": "reportUnknownMemberType",
		"target": {
			"$mid": 1,
			"path": "/microsoft/pylance-release/blob/main/docs/diagnostics/reportUnknownMemberType.md",
			"scheme": "https",
			"authority": "github.com"
		}
	},
	"severity": 8,
	"message": "Type of \"get\" is partially unknown\n  Type of \"get\" is \"Overload[(key: Unknown, /) -> (Unknown | None), (key: Unknown, default: Unknown, /) -> Unknown, (key: Unknown, default: _T@get, /) -> (Unknown | _T@get)]\"",
	"source": "Pylance",
	"startLineNumber": 73,
	"startColumn": 40,
	"endLineNumber": 73,
	"endColumn": 50,
	"modelVersionId": 1,
	"origin": "extHost1"
},{
	"resource": "/f:/Brain-5D/src/learning/learning_engine.py",
	"owner": "Pylance",
	"code": {
		"value": "reportUnknownArgumentType",
		"target": {
			"$mid": 1,
			"path": "/microsoft/pylance-release/blob/main/docs/diagnostics/reportUnknownArgumentType.md",
			"scheme": "https",
			"authority": "github.com"
		}
	},
	"severity": 8,
	"message": "Argument type is unknown\n  Argument corresponds to parameter \"x\" in function \"__new__\"",
	"source": "Pylance",
	"startLineNumber": 73,
	"startColumn": 40,
	"endLineNumber": 73,
	"endColumn": 74,
	"modelVersionId": 1,
	"origin": "extHost1"
},{
	"resource": "/f:/Brain-5D/src/learning/eligibility.py",
	"owner": "Pylance",
	"code": {
		"value": "reportUnnecessaryIsInstance",
		"target": {
			"$mid": 1,
			"path": "/microsoft/pylance-release/blob/main/docs/diagnostics/reportUnnecessaryIsInstance.md",
			"scheme": "https",
			"authority": "github.com"
		}
	},
	"severity": 8,
	"message": "Unnecessary isinstance call; \"int\" is always an instance of \"int\"",
	"source": "Pylance",
	"startLineNumber": 63,
	"startColumn": 16,
	"endLineNumber": 63,
	"endColumn": 37,
	"modelVersionId": 1,
	"origin": "extHost1"
},{
	"resource": "/f:/Brain-5D/src/homeostasis/engine.py",
	"owner": "Pylance",
	"code": {
		"value": "reportUnknownVariableType",
		"target": {
			"$mid": 1,
			"path": "/microsoft/pylance-release/blob/main/docs/diagnostics/reportUnknownVariableType.md",
			"scheme": "https",
			"authority": "github.com"
		}
	},
	"severity": 8,
	"message": "Type of \"key\" is unknown",
	"source": "Pylance",
	"startLineNumber": 226,
	"startColumn": 9,
	"endLineNumber": 226,
	"endColumn": 12,
	"modelVersionId": 1,
	"origin": "extHost1"
},{
	"resource": "/f:/Brain-5D/src/homeostasis/engine.py",
	"owner": "Pylance",
	"code": {
		"value": "reportUnknownVariableType",
		"target": {
			"$mid": 1,
			"path": "/microsoft/pylance-release/blob/main/docs/diagnostics/reportUnknownVariableType.md",
			"scheme": "https",
			"authority": "github.com"
		}
	},
	"severity": 8,
	"message": "Type of \"item\" is unknown",
	"source": "Pylance",
	"startLineNumber": 226,
	"startColumn": 14,
	"endLineNumber": 226,
	"endColumn": 18,
	"modelVersionId": 1,
	"origin": "extHost1"
},{
	"resource": "/f:/Brain-5D/src/experiments/learning_lab.py",
	"owner": "Pylance",
	"code": {
		"value": "reportUnknownVariableType",
		"target": {
			"$mid": 1,
			"path": "/microsoft/pylance-release/blob/main/docs/diagnostics/reportUnknownVariableType.md",
			"scheme": "https",
			"authority": "github.com"
		}
	},
	"severity": 8,
	"message": "Return type, \"Mapping[Unknown, Unknown]\", is partially unknown",
	"source": "Pylance",
	"startLineNumber": 64,
	"startColumn": 12,
	"endLineNumber": 64,
	"endColumn": 19,
	"modelVersionId": 1,
	"origin": "extHost1"
},{
	"resource": "/f:/Brain-5D/src/experiments/learning_lab.py",
	"owner": "Pylance",
	"code": {
		"value": "reportUnknownArgumentType",
		"target": {
			"$mid": 1,
			"path": "/microsoft/pylance-release/blob/main/docs/diagnostics/reportUnknownArgumentType.md",
			"scheme": "https",
			"authority": "github.com"
		}
	},
	"severity": 8,
	"message": "Argument type is partially unknown\n  Argument corresponds to parameter \"obj\" in function \"len\"\n  Argument type is \"Sequence[Unknown]\"",
	"source": "Pylance",
	"startLineNumber": 69,
	"startColumn": 45,
	"endLineNumber": 69,
	"endColumn": 48,
	"modelVersionId": 1,
	"origin": "extHost1"
},{
	"resource": "/f:/Brain-5D/src/experiments/learning_lab.py",
	"owner": "Pylance",
	"code": {
		"value": "reportUnknownArgumentType",
		"target": {
			"$mid": 1,
			"path": "/microsoft/pylance-release/blob/main/docs/diagnostics/reportUnknownArgumentType.md",
			"scheme": "https",
			"authority": "github.com"
		}
	},
	"severity": 8,
	"message": "Argument type is unknown\n  Argument corresponds to parameter \"x\" in function \"__new__\"",
	"source": "Pylance",
	"startLineNumber": 71,
	"startColumn": 36,
	"endLineNumber": 71,
	"endColumn": 41,
	"modelVersionId": 1,
	"origin": "extHost1"
},{
	"resource": "/f:/Brain-5D/src/experiments/learning_lab.py",
	"owner": "Pylance",
	"code": {
		"value": "reportUnknownVariableType",
		"target": {
			"$mid": 1,
			"path": "/microsoft/pylance-release/blob/main/docs/diagnostics/reportUnknownVariableType.md",
			"scheme": "https",
			"authority": "github.com"
		}
	},
	"severity": 8,
	"message": "Type of \"value\" is unknown",
	"source": "Pylance",
	"startLineNumber": 71,
	"startColumn": 47,
	"endLineNumber": 71,
	"endColumn": 52,
	"modelVersionId": 1,
	"origin": "extHost1"
},{
	"resource": "/f:/Brain-5D/src/experiments/learning_lab.py",
	"owner": "Pylance",
	"code": {
		"value": "reportUnknownVariableType",
		"target": {
			"$mid": 1,
			"path": "/microsoft/pylance-release/blob/main/docs/diagnostics/reportUnknownVariableType.md",
			"scheme": "https",
			"authority": "github.com"
		}
	},
	"severity": 8,
	"message": "Return type, \"dict[Unknown, Unknown]\", is partially unknown",
	"source": "Pylance",
	"startLineNumber": 233,
	"startColumn": 12,
	"endLineNumber": 233,
	"endColumn": 18,
	"modelVersionId": 1,
	"origin": "extHost1"
},{
	"resource": "/f:/Brain-5D/scripts/brain5d_launcher.py",
	"owner": "Pylance",
	"code": {
		"value": "reportCallIssue",
		"target": {
			"$mid": 1,
			"path": "/microsoft/pylance-release/blob/main/docs/diagnostics/reportCallIssue.md",
			"scheme": "https",
			"authority": "github.com"
		}
	},
	"severity": 8,
	"message": "No overloads for \"__init__\" match the provided arguments",
	"source": "Pylance",
	"startLineNumber": 33,
	"startColumn": 19,
	"endLineNumber": 33,
	"endColumn": 54,
	"relatedInformation": [
		{
			"startLineNumber": 1199,
			"startColumn": 13,
			"endLineNumber": 1199,
			"endColumn": 21,
			"message": "Overload 6 is the closest match",
			"resource": "/c:/Users/T_hei/.vscode-insiders/extensions/ms-python.vscode-pylance-2026.3.1/dist/typeshed-fallback/stdlib/subprocess.pyi"
		}
	],
	"modelVersionId": 19,
	"origin": "extHost1"
},{
	"resource": "/f:/Brain-5D/scripts/brain5d_launcher.py",
	"owner": "Pylance",
	"code": {
		"value": "reportArgumentType",
		"target": {
			"$mid": 1,
			"path": "/microsoft/pylance-release/blob/main/docs/diagnostics/reportArgumentType.md",
			"scheme": "https",
			"authority": "github.com"
		}
	},
	"severity": 8,
	"message": "Argument of type \"object\" cannot be assigned to parameter \"bufsize\" of type \"int\" in function \"__init__\"\n  \"object\" is not assignable to \"int\"",
	"source": "Pylance",
	"startLineNumber": 33,
	"startColumn": 47,
	"endLineNumber": 33,
	"endColumn": 53,
	"modelVersionId": 19,
	"origin": "extHost1"
},{
	"resource": "/f:/Brain-5D/scripts/brain5d_launcher.py",
	"owner": "Pylance",
	"code": {
		"value": "reportArgumentType",
		"target": {
			"$mid": 1,
			"path": "/microsoft/pylance-release/blob/main/docs/diagnostics/reportArgumentType.md",
			"scheme": "https",
			"authority": "github.com"
		}
	},
	"severity": 8,
	"message": "Argument of type \"object\" cannot be assigned to parameter \"executable\" of type \"StrOrBytesPath | None\" in function \"__init__\"\n  Type \"object\" is not assignable to type \"StrOrBytesPath | None\"\n    \"object\" is not assignable to \"str\"\n    \"object\" is not assignable to \"bytes\"\n    \"object\" is incompatible with protocol \"PathLike[str]\"\n      \"__fspath__\" is not present\n    \"object\" is incompatible with protocol \"PathLike[bytes]\"\n      \"__fspath__\" is not present\n    \"object\" is not assignable to \"None\"",
	"source": "Pylance",
	"startLineNumber": 33,
	"startColumn": 47,
	"endLineNumber": 33,
	"endColumn": 53,
	"modelVersionId": 19,
	"origin": "extHost1"
},{
	"resource": "/f:/Brain-5D/scripts/brain5d_launcher.py",
	"owner": "Pylance",
	"code": {
		"value": "reportArgumentType",
		"target": {
			"$mid": 1,
			"path": "/microsoft/pylance-release/blob/main/docs/diagnostics/reportArgumentType.md",
			"scheme": "https",
			"authority": "github.com"
		}
	},
	"severity": 8,
	"message": "Argument of type \"object\" cannot be assigned to parameter \"stdin\" of type \"_FILE\" in function \"__init__\"\n  Type \"object\" is not assignable to type \"_FILE\"\n    \"object\" is not assignable to \"None\"\n    \"object\" is not assignable to \"int\"\n    \"object\" is not assignable to \"IO[Any]\"",
	"source": "Pylance",
	"startLineNumber": 33,
	"startColumn": 47,
	"endLineNumber": 33,
	"endColumn": 53,
	"modelVersionId": 19,
	"origin": "extHost1"
},{
	"resource": "/f:/Brain-5D/scripts/brain5d_launcher.py",
	"owner": "Pylance",
	"code": {
		"value": "reportArgumentType",
		"target": {
			"$mid": 1,
			"path": "/microsoft/pylance-release/blob/main/docs/diagnostics/reportArgumentType.md",
			"scheme": "https",
			"authority": "github.com"
		}
	},
	"severity": 8,
	"message": "Argument of type \"object\" cannot be assigned to parameter \"stdout\" of type \"_FILE\" in function \"__init__\"\n  Type \"object\" is not assignable to type \"_FILE\"\n    \"object\" is not assignable to \"None\"\n    \"object\" is not assignable to \"int\"\n    \"object\" is not assignable to \"IO[Any]\"",
	"source": "Pylance",
	"startLineNumber": 33,
	"startColumn": 47,
	"endLineNumber": 33,
	"endColumn": 53,
	"modelVersionId": 19,
	"origin": "extHost1"
},{
	"resource": "/f:/Brain-5D/scripts/brain5d_launcher.py",
	"owner": "Pylance",
	"code": {
		"value": "reportArgumentType",
		"target": {
			"$mid": 1,
			"path": "/microsoft/pylance-release/blob/main/docs/diagnostics/reportArgumentType.md",
			"scheme": "https",
			"authority": "github.com"
		}
	},
	"severity": 8,
	"message": "Argument of type \"object\" cannot be assigned to parameter \"stderr\" of type \"_FILE\" in function \"__init__\"\n  Type \"object\" is not assignable to type \"_FILE\"\n    \"object\" is not assignable to \"None\"\n    \"object\" is not assignable to \"int\"\n    \"object\" is not assignable to \"IO[Any]\"",
	"source": "Pylance",
	"startLineNumber": 33,
	"startColumn": 47,
	"endLineNumber": 33,
	"endColumn": 53,
	"modelVersionId": 19,
	"origin": "extHost1"
},{
	"resource": "/f:/Brain-5D/scripts/brain5d_launcher.py",
	"owner": "Pylance",
	"code": {
		"value": "reportArgumentType",
		"target": {
			"$mid": 1,
			"path": "/microsoft/pylance-release/blob/main/docs/diagnostics/reportArgumentType.md",
			"scheme": "https",
			"authority": "github.com"
		}
	},
	"severity": 8,
	"message": "Argument of type \"object\" cannot be assigned to parameter \"preexec_fn\" of type \"(() -> object) | None\" in function \"__init__\"\n  Type \"object\" is not assignable to type \"(() -> object) | None\"\n    Type \"object\" is not assignable to type \"() -> object\"\n    \"object\" is not assignable to \"None\"",
	"source": "Pylance",
	"startLineNumber": 33,
	"startColumn": 47,
	"endLineNumber": 33,
	"endColumn": 53,
	"modelVersionId": 19,
	"origin": "extHost1"
},{
	"resource": "/f:/Brain-5D/scripts/brain5d_launcher.py",
	"owner": "Pylance",
	"code": {
		"value": "reportArgumentType",
		"target": {
			"$mid": 1,
			"path": "/microsoft/pylance-release/blob/main/docs/diagnostics/reportArgumentType.md",
			"scheme": "https",
			"authority": "github.com"
		}
	},
	"severity": 8,
	"message": "Argument of type \"object\" cannot be assigned to parameter \"close_fds\" of type \"bool\" in function \"__init__\"\n  \"object\" is not assignable to \"bool\"",
	"source": "Pylance",
	"startLineNumber": 33,
	"startColumn": 47,
	"endLineNumber": 33,
	"endColumn": 53,
	"modelVersionId": 19,
	"origin": "extHost1"
},{
	"resource": "/f:/Brain-5D/scripts/brain5d_launcher.py",
	"owner": "Pylance",
	"code": {
		"value": "reportArgumentType",
		"target": {
			"$mid": 1,
			"path": "/microsoft/pylance-release/blob/main/docs/diagnostics/reportArgumentType.md",
			"scheme": "https",
			"authority": "github.com"
		}
	},
	"severity": 8,
	"message": "Argument of type \"object\" cannot be assigned to parameter \"shell\" of type \"bool\" in function \"__init__\"\n  \"object\" is not assignable to \"bool\"",
	"source": "Pylance",
	"startLineNumber": 33,
	"startColumn": 47,
	"endLineNumber": 33,
	"endColumn": 53,
	"modelVersionId": 19,
	"origin": "extHost1"
},{
	"resource": "/f:/Brain-5D/scripts/brain5d_launcher.py",
	"owner": "Pylance",
	"code": {
		"value": "reportArgumentType",
		"target": {
			"$mid": 1,
			"path": "/microsoft/pylance-release/blob/main/docs/diagnostics/reportArgumentType.md",
			"scheme": "https",
			"authority": "github.com"
		}
	},
	"severity": 8,
	"message": "Argument of type \"object\" cannot be assigned to parameter \"cwd\" of type \"StrOrBytesPath | None\" in function \"__init__\"\n  Type \"object\" is not assignable to type \"StrOrBytesPath | None\"\n    \"object\" is not assignable to \"str\"\n    \"object\" is not assignable to \"bytes\"\n    \"object\" is incompatible with protocol \"PathLike[str]\"\n      \"__fspath__\" is not present\n    \"object\" is incompatible with protocol \"PathLike[bytes]\"\n      \"__fspath__\" is not present\n    \"object\" is not assignable to \"None\"",
	"source": "Pylance",
	"startLineNumber": 33,
	"startColumn": 47,
	"endLineNumber": 33,
	"endColumn": 53,
	"modelVersionId": 19,
	"origin": "extHost1"
},{
	"resource": "/f:/Brain-5D/scripts/brain5d_launcher.py",
	"owner": "Pylance",
	"code": {
		"value": "reportArgumentType",
		"target": {
			"$mid": 1,
			"path": "/microsoft/pylance-release/blob/main/docs/diagnostics/reportArgumentType.md",
			"scheme": "https",
			"authority": "github.com"
		}
	},
	"severity": 8,
	"message": "Argument of type \"object\" cannot be assigned to parameter \"env\" of type \"_ENV | None\" in function \"__init__\"\n  Type \"object\" is not assignable to type \"_ENV | None\"\n    \"object\" is not assignable to \"Mapping[str, str]\"\n    \"object\" is not assignable to \"None\"",
	"source": "Pylance",
	"startLineNumber": 33,
	"startColumn": 47,
	"endLineNumber": 33,
	"endColumn": 53,
	"modelVersionId": 19,
	"origin": "extHost1"
},{
	"resource": "/f:/Brain-5D/scripts/brain5d_launcher.py",
	"owner": "Pylance",
	"code": {
		"value": "reportArgumentType",
		"target": {
			"$mid": 1,
			"path": "/microsoft/pylance-release/blob/main/docs/diagnostics/reportArgumentType.md",
			"scheme": "https",
			"authority": "github.com"
		}
	},
	"severity": 8,
	"message": "Argument of type \"object\" cannot be assigned to parameter \"universal_newlines\" of type \"bool | None\" in function \"__init__\"\n  Type \"object\" is not assignable to type \"bool | None\"\n    \"object\" is not assignable to \"bool\"\n    \"object\" is not assignable to \"None\"",
	"source": "Pylance",
	"startLineNumber": 33,
	"startColumn": 47,
	"endLineNumber": 33,
	"endColumn": 53,
	"modelVersionId": 19,
	"origin": "extHost1"
},{
	"resource": "/f:/Brain-5D/scripts/brain5d_launcher.py",
	"owner": "Pylance",
	"code": {
		"value": "reportArgumentType",
		"target": {
			"$mid": 1,
			"path": "/microsoft/pylance-release/blob/main/docs/diagnostics/reportArgumentType.md",
			"scheme": "https",
			"authority": "github.com"
		}
	},
	"severity": 8,
	"message": "Argument of type \"object\" cannot be assigned to parameter \"creationflags\" of type \"int\" in function \"__init__\"\n  \"object\" is not assignable to \"int\"",
	"source": "Pylance",
	"startLineNumber": 33,
	"startColumn": 47,
	"endLineNumber": 33,
	"endColumn": 53,
	"modelVersionId": 19,
	"origin": "extHost1"
},{
	"resource": "/f:/Brain-5D/scripts/brain5d_launcher.py",
	"owner": "Pylance",
	"code": {
		"value": "reportArgumentType",
		"target": {
			"$mid": 1,
			"path": "/microsoft/pylance-release/blob/main/docs/diagnostics/reportArgumentType.md",
			"scheme": "https",
			"authority": "github.com"
		}
	},
	"severity": 8,
	"message": "Argument of type \"object\" cannot be assigned to parameter \"restore_signals\" of type \"bool\" in function \"__init__\"\n  \"object\" is not assignable to \"bool\"",
	"source": "Pylance",
	"startLineNumber": 33,
	"startColumn": 47,
	"endLineNumber": 33,
	"endColumn": 53,
	"modelVersionId": 19,
	"origin": "extHost1"
},{
	"resource": "/f:/Brain-5D/scripts/brain5d_launcher.py",
	"owner": "Pylance",
	"code": {
		"value": "reportArgumentType",
		"target": {
			"$mid": 1,
			"path": "/microsoft/pylance-release/blob/main/docs/diagnostics/reportArgumentType.md",
			"scheme": "https",
			"authority": "github.com"
		}
	},
	"severity": 8,
	"message": "Argument of type \"object\" cannot be assigned to parameter \"start_new_session\" of type \"bool\" in function \"__init__\"\n  \"object\" is not assignable to \"bool\"",
	"source": "Pylance",
	"startLineNumber": 33,
	"startColumn": 47,
	"endLineNumber": 33,
	"endColumn": 53,
	"modelVersionId": 19,
	"origin": "extHost1"
},{
	"resource": "/f:/Brain-5D/scripts/brain5d_launcher.py",
	"owner": "Pylance",
	"code": {
		"value": "reportArgumentType",
		"target": {
			"$mid": 1,
			"path": "/microsoft/pylance-release/blob/main/docs/diagnostics/reportArgumentType.md",
			"scheme": "https",
			"authority": "github.com"
		}
	},
	"severity": 8,
	"message": "Argument of type \"object\" cannot be assigned to parameter \"pass_fds\" of type \"Collection[int]\" in function \"__init__\"\n  \"object\" is incompatible with protocol \"Collection[int]\"\n    \"__len__\" is not present\n    \"__iter__\" is not present\n    \"__contains__\" is not present",
	"source": "Pylance",
	"startLineNumber": 33,
	"startColumn": 47,
	"endLineNumber": 33,
	"endColumn": 53,
	"modelVersionId": 19,
	"origin": "extHost1"
},{
	"resource": "/f:/Brain-5D/scripts/brain5d_launcher.py",
	"owner": "Pylance",
	"code": {
		"value": "reportArgumentType",
		"target": {
			"$mid": 1,
			"path": "/microsoft/pylance-release/blob/main/docs/diagnostics/reportArgumentType.md",
			"scheme": "https",
			"authority": "github.com"
		}
	},
	"severity": 8,
	"message": "Argument of type \"object\" cannot be assigned to parameter \"text\" of type \"bool | None\" in function \"__init__\"\n  Type \"object\" is not assignable to type \"bool | None\"\n    \"object\" is not assignable to \"bool\"\n    \"object\" is not assignable to \"None\"",
	"source": "Pylance",
	"startLineNumber": 33,
	"startColumn": 47,
	"endLineNumber": 33,
	"endColumn": 53,
	"modelVersionId": 19,
	"origin": "extHost1"
},{
	"resource": "/f:/Brain-5D/scripts/brain5d_launcher.py",
	"owner": "Pylance",
	"code": {
		"value": "reportArgumentType",
		"target": {
			"$mid": 1,
			"path": "/microsoft/pylance-release/blob/main/docs/diagnostics/reportArgumentType.md",
			"scheme": "https",
			"authority": "github.com"
		}
	},
	"severity": 8,
	"message": "Argument of type \"object\" cannot be assigned to parameter \"encoding\" of type \"str | None\" in function \"__init__\"\n  Type \"object\" is not assignable to type \"str | None\"\n    \"object\" is not assignable to \"str\"\n    \"object\" is not assignable to \"None\"",
	"source": "Pylance",
	"startLineNumber": 33,
	"startColumn": 47,
	"endLineNumber": 33,
	"endColumn": 53,
	"modelVersionId": 19,
	"origin": "extHost1"
},{
	"resource": "/f:/Brain-5D/scripts/brain5d_launcher.py",
	"owner": "Pylance",
	"code": {
		"value": "reportArgumentType",
		"target": {
			"$mid": 1,
			"path": "/microsoft/pylance-release/blob/main/docs/diagnostics/reportArgumentType.md",
			"scheme": "https",
			"authority": "github.com"
		}
	},
	"severity": 8,
	"message": "Argument of type \"object\" cannot be assigned to parameter \"errors\" of type \"str | None\" in function \"__init__\"\n  Type \"object\" is not assignable to type \"str | None\"\n    \"object\" is not assignable to \"str\"\n    \"object\" is not assignable to \"None\"",
	"source": "Pylance",
	"startLineNumber": 33,
	"startColumn": 47,
	"endLineNumber": 33,
	"endColumn": 53,
	"modelVersionId": 19,
	"origin": "extHost1"
},{
	"resource": "/f:/Brain-5D/scripts/brain5d_launcher.py",
	"owner": "Pylance",
	"code": {
		"value": "reportArgumentType",
		"target": {
			"$mid": 1,
			"path": "/microsoft/pylance-release/blob/main/docs/diagnostics/reportArgumentType.md",
			"scheme": "https",
			"authority": "github.com"
		}
	},
	"severity": 8,
	"message": "Argument of type \"object\" cannot be assigned to parameter \"user\" of type \"str | int | None\" in function \"__init__\"\n  Type \"object\" is not assignable to type \"str | int | None\"\n    \"object\" is not assignable to \"str\"\n    \"object\" is not assignable to \"int\"\n    \"object\" is not assignable to \"None\"",
	"source": "Pylance",
	"startLineNumber": 33,
	"startColumn": 47,
	"endLineNumber": 33,
	"endColumn": 53,
	"modelVersionId": 19,
	"origin": "extHost1"
},{
	"resource": "/f:/Brain-5D/scripts/brain5d_launcher.py",
	"owner": "Pylance",
	"code": {
		"value": "reportArgumentType",
		"target": {
			"$mid": 1,
			"path": "/microsoft/pylance-release/blob/main/docs/diagnostics/reportArgumentType.md",
			"scheme": "https",
			"authority": "github.com"
		}
	},
	"severity": 8,
	"message": "Argument of type \"object\" cannot be assigned to parameter \"group\" of type \"str | int | None\" in function \"__init__\"\n  Type \"object\" is not assignable to type \"str | int | None\"\n    \"object\" is not assignable to \"str\"\n    \"object\" is not assignable to \"int\"\n    \"object\" is not assignable to \"None\"",
	"source": "Pylance",
	"startLineNumber": 33,
	"startColumn": 47,
	"endLineNumber": 33,
	"endColumn": 53,
	"modelVersionId": 19,
	"origin": "extHost1"
},{
	"resource": "/f:/Brain-5D/scripts/brain5d_launcher.py",
	"owner": "Pylance",
	"code": {
		"value": "reportArgumentType",
		"target": {
			"$mid": 1,
			"path": "/microsoft/pylance-release/blob/main/docs/diagnostics/reportArgumentType.md",
			"scheme": "https",
			"authority": "github.com"
		}
	},
	"severity": 8,
	"message": "Argument of type \"object\" cannot be assigned to parameter \"extra_groups\" of type \"Iterable[str | int] | None\" in function \"__init__\"\n  Type \"object\" is not assignable to type \"Iterable[str | int] | None\"\n    \"object\" is incompatible with protocol \"Iterable[str | int]\"\n      \"__iter__\" is not present\n    \"object\" is not assignable to \"None\"",
	"source": "Pylance",
	"startLineNumber": 33,
	"startColumn": 47,
	"endLineNumber": 33,
	"endColumn": 53,
	"modelVersionId": 19,
	"origin": "extHost1"
},{
	"resource": "/f:/Brain-5D/scripts/brain5d_launcher.py",
	"owner": "Pylance",
	"code": {
		"value": "reportArgumentType",
		"target": {
			"$mid": 1,
			"path": "/microsoft/pylance-release/blob/main/docs/diagnostics/reportArgumentType.md",
			"scheme": "https",
			"authority": "github.com"
		}
	},
	"severity": 8,
	"message": "Argument of type \"object\" cannot be assigned to parameter \"umask\" of type \"int\" in function \"__init__\"\n  \"object\" is not assignable to \"int\"",
	"source": "Pylance",
	"startLineNumber": 33,
	"startColumn": 47,
	"endLineNumber": 33,
	"endColumn": 53,
	"modelVersionId": 19,
	"origin": "extHost1"
},{
	"resource": "/f:/Brain-5D/scripts/brain5d_launcher.py",
	"owner": "Pylance",
	"code": {
		"value": "reportArgumentType",
		"target": {
			"$mid": 1,
			"path": "/microsoft/pylance-release/blob/main/docs/diagnostics/reportArgumentType.md",
			"scheme": "https",
			"authority": "github.com"
		}
	},
	"severity": 8,
	"message": "Argument of type \"object\" cannot be assigned to parameter \"pipesize\" of type \"int\" in function \"__init__\"\n  \"object\" is not assignable to \"int\"",
	"source": "Pylance",
	"startLineNumber": 33,
	"startColumn": 47,
	"endLineNumber": 33,
	"endColumn": 53,
	"modelVersionId": 19,
	"origin": "extHost1"
},{
	"resource": "/f:/Brain-5D/scripts/brain5d_launcher.py",
	"owner": "Pylance",
	"code": {
		"value": "reportArgumentType",
		"target": {
			"$mid": 1,
			"path": "/microsoft/pylance-release/blob/main/docs/diagnostics/reportArgumentType.md",
			"scheme": "https",
			"authority": "github.com"
		}
	},
	"severity": 8,
	"message": "Argument of type \"object\" cannot be assigned to parameter \"process_group\" of type \"int | None\" in function \"__init__\"\n  Type \"object\" is not assignable to type \"int | None\"\n    \"object\" is not assignable to \"int\"\n    \"object\" is not assignable to \"None\"",
	"source": "Pylance",
	"startLineNumber": 33,
	"startColumn": 47,
	"endLineNumber": 33,
	"endColumn": 53,
	"modelVersionId": 19,
	"origin": "extHost1"
},{
	"resource": "/f:/Brain-5D/scripts/brain5d_launcher.py",
	"owner": "Pylance",
	"code": {
		"value": "reportUnknownVariableType",
		"target": {
			"$mid": 1,
			"path": "/microsoft/pylance-release/blob/main/docs/diagnostics/reportUnknownVariableType.md",
			"scheme": "https",
			"authority": "github.com"
		}
	},
	"severity": 8,
	"message": "Type of \"name\" is unknown",
	"source": "Pylance",
	"startLineNumber": 52,
	"startColumn": 9,
	"endLineNumber": 52,
	"endColumn": 13,
	"modelVersionId": 19,
	"origin": "extHost1"
},{
	"resource": "/f:/Brain-5D/scripts/brain5d_launcher.py",
	"owner": "Pylance",
	"code": {
		"value": "reportUnknownVariableType",
		"target": {
			"$mid": 1,
			"path": "/microsoft/pylance-release/blob/main/docs/diagnostics/reportUnknownVariableType.md",
			"scheme": "https",
			"authority": "github.com"
		}
	},
	"severity": 8,
	"message": "Type of \"value\" is unknown",
	"source": "Pylance",
	"startLineNumber": 52,
	"startColumn": 15,
	"endLineNumber": 52,
	"endColumn": 20,
	"modelVersionId": 19,
	"origin": "extHost1"
}]